-- phpMyAdmin SQL Dump
-- version 5.1.1
-- https://www.phpmyadmin.net/
--
-- Gép: 127.0.0.1
-- Létrehozás ideje: 2022. Jún 21. 23:54
-- Kiszolgáló verziója: 10.4.22-MariaDB
-- PHP verzió: 8.0.13

SET SQL_MODE = "NO_AUTO_VALUE_ON_ZERO";
START TRANSACTION;
SET time_zone = "+00:00";


/*!40101 SET @OLD_CHARACTER_SET_CLIENT=@@CHARACTER_SET_CLIENT */;
/*!40101 SET @OLD_CHARACTER_SET_RESULTS=@@CHARACTER_SET_RESULTS */;
/*!40101 SET @OLD_COLLATION_CONNECTION=@@COLLATION_CONNECTION */;
/*!40101 SET NAMES utf8mb4 */;

--
-- Adatbázis: `car`
--

-- --------------------------------------------------------

--
-- Tábla szerkezet ehhez a táblához `cars`
--

CREATE TABLE `cars` (
  `carsID` int(11) NOT NULL,
  `manufacturerID` int(11) NOT NULL,
  `carname` varchar(255) NOT NULL,
  `engine` varchar(30) NOT NULL,
  `gearbox` varchar(30) NOT NULL,
  `fuel` enum('Benzin','Dízel','Elektromos','Hybrid') NOT NULL,
  `horsepower` smallint(6) NOT NULL,
  `seats` tinyint(4) NOT NULL,
  `doors` tinyint(4) NOT NULL,
  `bodywork` enum('Hatchback','Szedan','SUV','Limuzin','Kabrio','Terepjaro','Kombi','Coupe') CHARACTER SET utf8mb4 COLLATE utf8mb4_hungarian_ci NOT NULL,
  `releasedate` year(4) NOT NULL,
  `distance` int(10) NOT NULL DEFAULT 100,
  `servisdistance` smallint(5) NOT NULL,
  `consumption` decimal(3,1) NOT NULL,
  `emissions` smallint(6) NOT NULL DEFAULT 100,
  `airconditioner` enum('Manuális','Automata') NOT NULL DEFAULT 'Automata',
  `status` tinyint(4) NOT NULL DEFAULT 0,
  `extras` longtext CHARACTER SET utf8mb4 COLLATE utf8mb4_bin DEFAULT NULL
) ENGINE=InnoDB DEFAULT CHARSET=utf8mb4;

--
-- A tábla adatainak kiíratása `cars`
--

INSERT INTO `cars` (`carsID`, `manufacturerID`, `carname`, `engine`, `gearbox`, `fuel`, `horsepower`, `seats`, `doors`, `bodywork`, `releasedate`, `distance`, `servisdistance`, `consumption`, `emissions`, `airconditioner`, `status`, `extras`) VALUES
(3, 2, 'RS7', '4.0 TFSI', 'Automata 8 sebesség', 'Benzin', 560, 4, 4, 'Szedan', 2016, 23115, 13900, '9.6', 221, 'Automata', 0, '[{\"gps\":\"GPS\",\"parkingasistant\":\"Parkoló kamera\",\"seatheater\":\"Ülésfűtés\",\"tempomat\":\"Tempomat\"}]'),
(4, 2, 'TTS', '2.0 TFSI', 'Automata 6 sebesség', 'Benzin', 310, 4, 2, 'Coupe', 2015, 100521, 15000, '6.8', 157, 'Automata', 0, '[{\"gps\":\"GPS\",\"parkingasistant\":\"Parkoló kamera\",\"seatheater\":\"Ülésfűtés\",\"tempomat\":\"Tempomat\"}]'),
(5, 5, 'i8', '1.5/7.1 kWh xDrive', 'Automata 6 sebesség', 'Hybrid', 362, 4, 2, 'Coupe', 2014, 81523, 15000, '2.1', 49, 'Automata', 1, '[{\"gps\":\"GPS\",\"seatheater\":\"Ülésfűtés\",\"tempomat\":\"Tempomat\"}]'),
(6, 5, 'M4', '3.0 DCT', 'Automata 7 sebesség', 'Benzin', 450, 4, 2, 'Szedan', 2015, 240000, -32768, '8.7', 203, 'Automata', 1, '[{\"gps\":\"GPS\",\"parkingasistant\":\"Parkoló kamera\",\"seatheater\":\"Ülésfűtés\",\"tempomat\":\"Tempomat\"}]'),
(7, 5, 'X5 M', '4.4 xDrive', 'Automata 6 sebesség', 'Benzin', 555, 5, 5, 'SUV', 2015, 258021, 15000, '13.9', 325, 'Automata', 0, NULL);

-- --------------------------------------------------------

--
-- Tábla szerkezet ehhez a táblához `failed_users`
--

CREATE TABLE `failed_users` (
  `usersID` int(11) NOT NULL,
  `username` varchar(40) NOT NULL,
  `password` varchar(255) NOT NULL,
  `firstname` char(40) NOT NULL,
  `lastname` char(40) NOT NULL,
  `birthdate` datetime NOT NULL,
  `email` varchar(255) NOT NULL,
  `phonenumber` char(10) NOT NULL,
  `idcardNumber` varchar(9) NOT NULL,
  `licensecardNumber` char(9) NOT NULL,
  `licensecardPlace` varchar(30) NOT NULL,
  `registerdate` datetime NOT NULL DEFAULT current_timestamp(),
  `lastloggedin` datetime DEFAULT NULL,
  `loggedin` tinyint(1) NOT NULL,
  `avatar` mediumblob DEFAULT NULL,
  `level` tinyint(4) NOT NULL DEFAULT 1
) ENGINE=InnoDB DEFAULT CHARSET=utf8mb4;

-- --------------------------------------------------------

--
-- Tábla szerkezet ehhez a táblához `favorites`
--

CREATE TABLE `favorites` (
  `favoritesID` int(11) NOT NULL,
  `userID` int(11) NOT NULL,
  `carID` int(11) NOT NULL
) ENGINE=InnoDB DEFAULT CHARSET=utf8mb4;

--
-- A tábla adatainak kiíratása `favorites`
--

INSERT INTO `favorites` (`favoritesID`, `userID`, `carID`) VALUES
(1, 7, 4);

-- --------------------------------------------------------

--
-- Tábla szerkezet ehhez a táblához `manufactures`
--

CREATE TABLE `manufactures` (
  `manufacturesID` int(11) NOT NULL,
  `name` varchar(255) NOT NULL
) ENGINE=InnoDB DEFAULT CHARSET=utf8mb4;

--
-- A tábla adatainak kiíratása `manufactures`
--

INSERT INTO `manufactures` (`manufacturesID`, `name`) VALUES
(7, 'Alfa Romeo'),
(2, 'Audi'),
(5, 'BMW'),
(13, 'Ferrari'),
(8, 'FIAT'),
(6, 'Ford'),
(10, 'Hyundai'),
(11, 'Mercedes-Benz'),
(12, 'MINI'),
(4, 'Porsche'),
(14, 'smart'),
(1, 'Volkswagen'),
(15, 'Volvo');

-- --------------------------------------------------------

--
-- Tábla szerkezet ehhez a táblához `newslettermails`
--

CREATE TABLE `newslettermails` (
  `newslettermailsID` int(11) NOT NULL,
  `email` varchar(255) NOT NULL,
  `subscription` int(11) NOT NULL DEFAULT 1
) ENGINE=InnoDB DEFAULT CHARSET=utf8mb4;

--
-- A tábla adatainak kiíratása `newslettermails`
--

INSERT INTO `newslettermails` (`newslettermailsID`, `email`, `subscription`) VALUES
(1, 'asd@gmail.com', 1);

-- --------------------------------------------------------

--
-- Tábla szerkezet ehhez a táblához `orders`
--

CREATE TABLE `orders` (
  `ordersID` int(11) NOT NULL,
  `userID` int(11) NOT NULL,
  `carID` int(11) NOT NULL,
  `rentStartdate` datetime NOT NULL,
  `rentStartplaceID` int(11) DEFAULT NULL,
  `rentEnddate` datetime NOT NULL,
  `rentEndplaceID` int(11) DEFAULT NULL,
  `rentHomeplace` varchar(255) DEFAULT NULL,
  `orderdate` datetime NOT NULL DEFAULT current_timestamp(),
  `extras` longtext CHARACTER SET utf8mb4 COLLATE utf8mb4_bin NOT NULL CHECK (json_valid(`extras`)),
  `price` decimal(10,2) DEFAULT NULL,
  `code` varchar(16) NOT NULL DEFAULT '0000-0000-0000',
  `status` tinyint(4) NOT NULL DEFAULT 0
) ENGINE=InnoDB DEFAULT CHARSET=utf8mb4;

--
-- A tábla adatainak kiíratása `orders`
--

INSERT INTO `orders` (`ordersID`, `userID`, `carID`, `rentStartdate`, `rentStartplaceID`, `rentEnddate`, `rentEndplaceID`, `rentHomeplace`, `orderdate`, `extras`, `price`, `code`, `status`) VALUES
(3, 7, 4, '2022-06-18 15:02:53', 1, '2022-06-23 15:02:53', 1, NULL, '2022-05-15 15:04:00', '[]', '0.00', '0000-0000-0000', 5),
(4, 7, 3, '2022-06-13 17:22:39', 1, '2022-06-15 17:22:39', 1, NULL, '2022-04-13 17:23:12', '[]', NULL, '0000-0000-0000', 5),
(5, 11, 3, '2022-06-13 17:35:25', 1, '2022-06-13 17:35:25', 1, NULL, '2022-06-13 17:36:09', '[]', NULL, '0000-0000-0000', 5),
(11, 7, 3, '2022-07-07 10:00:00', 1, '2022-07-13 14:00:00', 1, NULL, '2022-06-18 23:45:03', '[\"1\",\"3\",\"4\",\"5\"]', '1455.86', '0000-0000-0000', 1),
(13, 7, 4, '2022-07-14 10:00:00', 1, '2022-07-15 14:00:00', 2, NULL, '2022-06-18 23:53:45', '[\"1\",\"3\",\"7\"]', '103.63', '', 4),
(14, 7, 5, '2022-07-14 10:00:00', NULL, '2022-07-15 14:00:00', NULL, 'Kertsor 48, Kishegyes, 24321', '2022-06-18 23:55:01', '[\"7\"]', '190.13', '', 4),
(24, 7, 3, '2022-07-14 15:00:00', 2, '2022-07-15 16:00:00', 1, NULL, '2022-06-19 11:42:15', '[\"1\"]', '173.65', '', 4),
(25, 7, 3, '2022-06-30 10:00:00', 1, '2022-07-04 10:00:00', 2, NULL, '2022-06-19 22:45:17', '[\"1\",\"3\",\"4\"]', '604.13', '0000-0000-0000', -1),
(26, 7, 3, '2022-07-19 10:00:00', 1, '2022-07-20 10:00:00', 1, NULL, '2022-06-20 09:17:45', '[\"1\",\"3\"]', '172.77', '7223-8170-2072', 1),
(27, 7, 6, '2022-06-23 10:00:00', 2, '2022-06-28 10:00:00', 2, NULL, '2022-06-21 10:33:14', '[\"1\",\"3\"]', '666.93', '', 5),
(28, 7, 3, '2022-06-23 10:00:00', 1, '2022-06-28 10:00:00', 1, NULL, '2022-06-21 15:18:48', '[]', '703.95', '1939-7841-8899', 2),
(29, 7, 5, '2022-06-29 10:00:00', 1, '2022-06-30 14:00:00', 1, NULL, '2022-06-21 20:37:56', '[]', '67.66', '6498-1140-4200', 2);

-- --------------------------------------------------------

--
-- Tábla szerkezet ehhez a táblához `order_extras`
--

CREATE TABLE `order_extras` (
  `orderextrasID` int(11) NOT NULL,
  `name` varchar(60) NOT NULL,
  `price` decimal(5,2) NOT NULL,
  `capacity` tinyint(4) NOT NULL,
  `status` tinyint(1) NOT NULL
) ENGINE=InnoDB DEFAULT CHARSET=utf8mb4;

--
-- A tábla adatainak kiíratása `order_extras`
--

INSERT INTO `order_extras` (`orderextrasID`, `name`, `price`, `capacity`, `status`) VALUES
(1, 'Kirendelt sofőr', '26.99', 10, 0),
(3, 'WiFi készülék', '4.99', 24, 0),
(4, 'Baba ülés 15-36kg', '8.99', 8, 0),
(5, 'Baba ülés 0-18kg', '6.99', 5, 0),
(6, 'Ülésmagasító 15-36kg', '9.99', 6, 0),
(7, 'Rólós napellenző', '3.99', 14, 0);

-- --------------------------------------------------------

--
-- Tábla szerkezet ehhez a táblához `places`
--

CREATE TABLE `places` (
  `placesID` int(11) NOT NULL,
  `city` varchar(30) NOT NULL,
  `address` varchar(50) NOT NULL,
  `phone` varchar(20) NOT NULL,
  `email` varchar(50) NOT NULL DEFAULT 'office@hash.com',
  `workday` varchar(20) NOT NULL,
  `weekend` varchar(20) NOT NULL,
  `map` varchar(512) NOT NULL
) ENGINE=InnoDB DEFAULT CHARSET=utf8mb4;

--
-- A tábla adatainak kiíratása `places`
--

INSERT INTO `places` (`placesID`, `city`, `address`, `phone`, `email`, `workday`, `weekend`, `map`) VALUES
(1, 'Szabadka', 'Jovana Mikića 28', '+381 66 255 255', 'office@hash.com', '8:00 - 21:00', '8:00 - 18:00', 'nullll'),
(2, 'Topolya', 'Jovana Mikića 28', '+381 66 255 255', 'office@hash.com', '10:00 - 21:00', '9:00 - 18:00', 'nullll');

-- --------------------------------------------------------

--
-- Tábla szerkezet ehhez a táblához `prices`
--

CREATE TABLE `prices` (
  `pricesID` int(11) NOT NULL,
  `carID` int(11) NOT NULL,
  `price` decimal(6,2) NOT NULL,
  `discount` tinyint(4) NOT NULL DEFAULT 0
) ENGINE=InnoDB DEFAULT CHARSET=utf8mb4;

--
-- A tábla adatainak kiíratása `prices`
--

INSERT INTO `prices` (`pricesID`, `carID`, `price`, `discount`) VALUES
(1, 3, '140.79', 18),
(2, 4, '57.99', 10),
(3, 5, '161.99', 0),
(4, 6, '126.99', 12),
(5, 7, '39.99', 0);

-- --------------------------------------------------------

--
-- Tábla szerkezet ehhez a táblához `ratings`
--

CREATE TABLE `ratings` (
  `ratingID` int(11) NOT NULL,
  `carID` int(11) NOT NULL,
  `userID` int(11) NOT NULL,
  `orderID` int(11) NOT NULL,
  `rating` decimal(2,1) NOT NULL,
  `commentTitle` varchar(100) DEFAULT NULL,
  `comment` varchar(255) DEFAULT NULL,
  `created` datetime NOT NULL DEFAULT current_timestamp(),
  `approved` tinyint(4) NOT NULL DEFAULT 0
) ENGINE=InnoDB DEFAULT CHARSET=utf8mb4;

--
-- A tábla adatainak kiíratása `ratings`
--

INSERT INTO `ratings` (`ratingID`, `carID`, `userID`, `orderID`, `rating`, `commentTitle`, `comment`, `created`, `approved`) VALUES
(2, 4, 7, 3, '4.5', 'Nagyszerű autó!', 'Csak ajánlani tudom..', '2022-06-13 15:05:35', 1),
(3, 3, 7, 4, '1.5', 'Szuper kocsi!!', 'Nagyon full, patent a gyorsulás', '2022-06-13 17:24:32', 1),
(5, 3, 11, 5, '5.0', 'Test', 'MMMMMMMMMMMMMMMMMMMMMMMMMMMMMMMMMMMMMMMMMMMMMMMMMMMMMMMMMMMMMMMMMMMMMMMMMMMMMMMMMMMMMMMMMMMMMMMMMMMMMMMMMMMMMMMMMMMMMMMMMMMMMMMMMMMMMMMMMMMMMMMMMMMMMMMMMMMMMMMMMMMMMMMMMMMMMMMMMMMMMMMMMMMMMMMMMMMMMMMMMMMMMMMMMMMMMMMMMMMMMMMMMMMMMMMMMMMMMMMMMMMMMMMMMMMMMMM', '2022-06-13 17:36:46', 1),
(9, 6, 7, 14, '5.0', 'Szuper kocsi, nagyon tetszett!', 'Azért az a nem semmi! A 200-at úgy veszi mintha ingyen lenne.', '2022-06-19 18:13:52', 1),
(10, 3, 7, 24, '1.0', 'Elmegy másodjára bérlem!', 'Nem szar a kocsi... Csak néha ki kéne tisztítani', '2022-06-19 18:30:20', 1),
(11, 4, 7, 13, '4.0', 'Nem semmi kocsi!', 'SzövegSzövegSzövegSzövegSzöveg', '2022-06-20 13:55:57', 1),
(13, 3, 7, 26, '5.0', 'Szuper kocsi, nagyon tetszett!', 'Fffffffffffffffffffffffffffffffffffffffffffffffffffffffffffffffffffffffffffffffffffffffullos', '2022-06-21 09:06:59', 1),
(14, 6, 7, 27, '5.0', 'Szuper kocsi, nagyon tetszett!', 'Szuper kocsi, nagyon tetszett!\r\nSzuper kocsi, nagyon tetszett!\r\nSzuper kocsi, nagyon tetszett!', '2022-06-21 11:18:21', 1);

-- --------------------------------------------------------

--
-- Tábla szerkezet ehhez a táblához `reports`
--

CREATE TABLE `reports` (
  `reportsID` int(11) NOT NULL,
  `carID` int(11) NOT NULL,
  `orderID` int(11) NOT NULL,
  `userID` int(11) NOT NULL,
  `employeeID` int(11) NOT NULL,
  `traveledDistance` mediumint(8) UNSIGNED NOT NULL,
  `damage` text NOT NULL,
  `comment` text NOT NULL,
  `created` datetime NOT NULL DEFAULT current_timestamp()
) ENGINE=InnoDB DEFAULT CHARSET=utf8mb4;

--
-- A tábla adatainak kiíratása `reports`
--

INSERT INTO `reports` (`reportsID`, `carID`, `orderID`, `userID`, `employeeID`, `traveledDistance`, `damage`, `comment`, `created`) VALUES
(1, 3, 26, 7, 7, 2200, '', '', '2022-06-20 19:04:07'),
(2, 3, 26, 7, 7, 5, '', '', '2022-06-21 09:41:38'),
(3, 6, 27, 7, 7, 880, '', '', '2022-06-21 10:43:12'),
(4, 6, 27, 7, 7, 0, '', '', '2022-06-21 11:06:40'),
(5, 6, 27, 7, 7, 87479, '', '', '2022-06-21 11:08:47'),
(6, 3, 28, 7, 7, 1100, '', '', '2022-06-21 15:34:45');

-- --------------------------------------------------------

--
-- Tábla szerkezet ehhez a táblához `users`
--

CREATE TABLE `users` (
  `usersID` int(11) NOT NULL,
  `username` varchar(40) NOT NULL,
  `password` varchar(255) NOT NULL,
  `email` varchar(255) NOT NULL,
  `lastname` char(40) NOT NULL,
  `firstname` char(40) NOT NULL,
  `phonenumber` char(10) NOT NULL,
  `birthdate` date NOT NULL,
  `idcardNumber` varchar(9) NOT NULL,
  `licensecardNumber` char(9) NOT NULL,
  `licensecardPlace` varchar(30) NOT NULL,
  `level` tinyint(4) NOT NULL DEFAULT 1,
  `state` tinyint(2) NOT NULL DEFAULT 0,
  `avatar` mediumblob DEFAULT NULL,
  `subscribed` tinyint(1) NOT NULL DEFAULT 0,
  `token` varchar(50) NOT NULL,
  `tokenExpires` datetime NOT NULL
) ENGINE=InnoDB DEFAULT CHARSET=utf8mb4;

--
-- A tábla adatainak kiíratása `users`
--

INSERT INTO `users` (`usersID`, `username`, `password`, `email`, `lastname`, `firstname`, `phonenumber`, `birthdate`, `idcardNumber`, `licensecardNumber`, `licensecardPlace`, `level`, `state`, `avatar`, `subscribed`, `token`, `tokenExpires`) VALUES
(2, 'bakosd_', 'asdasd12345', 'bakosd_@outlook.com', 'Bakos', 'Dávid', '067177410', '2001-03-01', '12121121', '12121211', 'Kishegyes', 1, 2, NULL, 0, 'PhokbRo{kfDmhumGevnsPoclsBurhyIysbeCtvsrCtretWm{os', '2022-06-05 21:07:37'),
(4, 'bakos.david77', 'asdasd123', 'bakos.david77@gmail.com', 'Bakos', 'Dávid', '123123123', '2003-03-01', '011324256', '521512212', 'Kishegyes', 1, 1, NULL, 0, '', '0000-00-00 00:00:00'),
(5, 'asd', 'asdasd123', 'asd@gmail.com', 'Asd', 'Elek', '067177410', '2002-02-01', '123123123', '121313131', 'Kishegyes', 1, 0, NULL, 0, 'JpqjzzhmRdbvclywFijmgxvwVrmimvkkVysiiguc', '2022-06-02 19:52:51'),
(6, 'test2', '8xH5b52u9JktYXn', 'test2@gmail.com', 'asasas', 'asdasdasda', '123123123', '2000-01-01', '511323256', '511323225', 'Kishegyes', 1, 2, NULL, 0, 'SdtnxsoBztrftqNqietliGfskgr{RhehhphCczetfdPbtq{{dR', '2022-06-02 19:59:49');
INSERT INTO `users` (`usersID`, `username`, `password`, `email`, `lastname`, `firstname`, `phonenumber`, `birthdate`, `idcardNumber`, `licensecardNumber`, `licensecardPlace`, `level`, `state`, `avatar`, `subscribed`, `token`, `tokenExpires`) VALUES
(7, 'bakosd', '$2y$10$hDhHDFqQdasaFPVQTM.RbOK5D.39VAFfiqd5A7c3hgsWASDD0qVUG', 'bakosd@gmail.com', 'Bakos', 'Dávid', '067177410', '2001-03-01', '512512512', '123125551', 'Kishegyes', 3, 1, 0xffd8ffe000104a46494600010101006000600000ffdb0043000302020302020303030304030304050805050404050a070706080c0a0c0c0b0a0b0b0d0e12100d0e110e0b0b1016101113141515150c0f171816141812141514ffdb00430103040405040509050509140d0b0d1414141414141414141414141414141414141414141414141414141414141414141414141414141414141414141414141414ffc00011080200020003012200021101031101ffc4001f0000010501010101010100000000000000000102030405060708090a0bffc400b5100002010303020403050504040000017d01020300041105122131410613516107227114328191a1082342b1c11552d1f02433627282090a161718191a25262728292a3435363738393a434445464748494a535455565758595a636465666768696a737475767778797a838485868788898a92939495969798999aa2a3a4a5a6a7a8a9aab2b3b4b5b6b7b8b9bac2c3c4c5c6c7c8c9cad2d3d4d5d6d7d8d9dae1e2e3e4e5e6e7e8e9eaf1f2f3f4f5f6f7f8f9faffc4001f0100030101010101010101010000000000000102030405060708090a0bffc400b51100020102040403040705040400010277000102031104052131061241510761711322328108144291a1b1c109233352f0156272d10a162434e125f11718191a262728292a35363738393a434445464748494a535455565758595a636465666768696a737475767778797a82838485868788898a92939495969798999aa2a3a4a5a6a7a8a9aab2b3b4b5b6b7b8b9bac2c3c4c5c6c7c8c9cad2d3d4d5d6d7d8d9dae2e3e4e5e6e7e8e9eaf2f3f4f5f6f7f8f9faffda000c03010002110311003f00fafd76b374a47b747eaa297cbdb83de9eb5a277336556d3d4f238aab71a6218d989e71c56a543750bcd1b2ab6d27bd519b39b685e3230377d2a486ce793a29519ad9b5b565f9587e356bcbc76abe6158cdb7b775c03fad48e8c33826aecdfbb8c955c9a8a36dfd47353b94515f9720f7a6b617a55c9635cd57921f4e6b489122b16aaf22f99cf4ab4d19e94df26b7563329985852796c4f03357fc9c52ed03a9aae617299fe4352f966b444608e06453becff2eedbc54f322b94cf552a2ac42c7e94e6550d8cf26ba4d0b4db09e3db3283263d79359549a8ad4d2316f630bcef9460734cf359ba575d6fa05bc3732b06061ea15bb56ac71e9f32980450c8c3aa9515cded62b646ca9cbab3cfa3b865603b569a795247b8f535afa9785e07915e12511b8007ad73f7963269ac55db383d28e653d87671dc7fd97cc7ca75cf23356e4d3e37001cd67d9def9720abf25f060a7a537cc85a34735a85bcb6f3baf24678aa2c5b69eb9ae8ae9bcd94b115566b58e45380327dabd0a7534d4e39c35d0c4a7a2e7e94dbc84c321c0c0cf15142edb85772f7968726c5f5fca9caca3bd5469be53509939eb53c8cae6359245db8041ab56f247b867a5602c87d6a68e42ad9cf152e03533a978e29b8040a67d957d6b22daf7cb6186e3d2b66186599432824119ae49de27447ded8058c6cbd79a77d85429e726a4b785f710f918f5152cf6ce518a9cfb564e46bcacc0badf1c9b5b8fa54eb6ac51583ee2d823151cb1967f9874f5a7b4ff645527807a56a97621bb17228e358fe6462f9e6ab5d3472fcaa857d6a3fed819e829ada92364f157ece4473a35b4d5f2edc229ef5ab6dbc9180a4f7dd5cbdbea4b1c99dd81577fe1215818aafcdee2b927466de88de35636dce85f4b8de2769157279cd625d18eddb6e6aabf8964901058e2b3aeaf8c8339cfe34e9d09a7ef0a55a36d02f2f02e769c5653485c9249a9a460dd7f3a8180ed5e9d38a8a38652e663a19e4898618e2b5ed6e848a0f43593010641bba56c5bdb865e06d5acab5ac5d2bdcd3b3b8daf5bf6f71b5466b9a853cbe9c9abf05c37735e5cd367a11691bb3b453404380c48f4ae66facd6dce54e456a79f85eb546e9c3903ad2a4e51629a52450462bec295a50bc8393561e156f7aab35bede4122bd08c93391ab0c698c809279acf9ee32d8e95796314d3a6a4849279ade2d2dcc9dd997f6939a7c779ef8a9ee34d453f293554dab2b01dab6d2462ee8bd06a3ed5a76f78ad819ac0dbe5f34ab232b67359ca9a65c64d6e75b1b2b77a7edcd7396fa8c91e3e6e2b4adf55dcc03115cb2a6d1d119a6687934d6b71e942de23639a996556e86b3b334d08ccc85770e6aa7da94b0c0e7d2b323baf979344937391c579f18b4cea6d1b5b86dc9200a67daa3ce326b14ccedc6e26ac5ab166e7ad686762dc8d2f1b49db4fb7b938dafc9f515b1656be6438c022b2ee9563b870a318a952b94e361c9224d9c7e20d46248d9b6e46ecf4a81be56dc0e0f4ac9bdba9e19cb46a78e8715aa8dccde86dcb1231f4351f97b7bd73abaedcc40eef98fbd569358b8b8907cc47d38ad1418ae750d103922ab4dfba04fdea834fbe79918487e61d2a6932ea707ad5018b73aa4f0c840da47b8aa326ad24cc32fb7e86ad5f6952c8acca79cf4ac1b8b7961936b2115aab106ac5ab3467ef1a95b5f959480f81580bbfd0fd6a78ede493a29a2c87736a1d49a42b93dfad6fe9ba91041079ed5ca5ad94adfc278f6adbb385d08c8358d45735833a7b6bf9cb13b8907b0a48ee24b1bd49e2dc02f247b7a555b1995241b8d7451fd8ae22f9f6e71eb5c0d5ba1d09dcd08f5286ee1521b2879dbdc572faedc0b8b926b4a3f22cf7043c7d6b0ae94bcce7b135ad286b722a4b422859236e00156a5f2e6b71ce1c550f2c86a56f956ba651d4c548ad25c3c4f8639148d761949079a26e7e955c46aa7a56f1d8c5b7d09982ce3e619a81edd554ed5e69ed215e9d2afc37d0c76e55179feb57cfcbb11cb7dcc091304f1cd4654f5ed5a13aacd2163dcd5f8fcb6b7488ae55790315b3aca2919aa4e4ec62c16535c3611091dce3a5482c66551d8938fa5749f6a610845e02f4e2b3e4d59d64656887fbd597d664dec69ec52ea55d3f4f66994c9c007eed7a0e8c11157e5070315c4dadd7ce1bbd759a45ea2e066b8711373d59d5462a28e924b3b7bc80ab951c65715c0cdab35a5d4b04c855918a91debb5fb5a325739ab58c377333b2824f53deb0a3249da46b5136bdd31ae35084e1cae2a85f5dc5736e703054f14b791b5ab3469f3464f154fec37122bb889b6af5c8c57b14e31dee79b394b621b689659407608bdea49ad4acac91fce0739a8edf68994b74cd5a5b80b70cdd41e0d7449b4cc63aad49ec345926f999954638e79aa770925bc851d0823f5ad08750fb3b1d87703d2adea25750b543b4071deb0f6928cb5d8db914969b9891c6646000c9a9ce95332828acc2afe9b0f92cbbb9f7ae8ad22130c2f4acaa57717a1a428a92d4e3bfb226efc7e343692cac18f23bd74faa42b1636b00c6a9a47232938cd42af27a94e8c53b1561581b6ac912f1c7415a6d1c4d6a234c2f1c7b5644cde4b10571cd40d78d1f2ad91472b9ea1cca25d7f321639e4537ed7b7a8aa635166ea29df680ca72bcd5f23ea66e7d8d15becae28598161594b85907cdc54cd218cf078a5ec9740551f53583822a363bb20d514b92bdea78e7127d6a7d9b457b44cb91dbc6ea0ed19ef497117ca3b5545bc30c9ed534d78180623729ee2ad4592e4885e33d739aa53edc9ec6ae2c892720fe154a65f99b1d335bc7731958aadf31e99a72c4a79cf14bb76f4a7af7cd6d73218b09ec69db5948a5cd3bccfc6931a15677518cf153477a5719aafc3528e2a1c5169b29adefcca38c55c3964254e7d291f4d8a4fbab8f61566d6dd61c2e722bc8b9e958cff003994806b434fba08c1b1934db8d3d666dca71f852c367e57439352f51ad0ea6cf5348ed8ff0009c563497025998fe355c427fbd4ab0856c8359c6367729cae893ce538e291b6f719a8a68cb6314c4debd7a56a6645359c7704865155ff00b22256c8e3d2b436d2eddb55cd6158af6f6a21f73532c74eda29ebf768e6191b478f7aa375a68ba6cb0fa56a0a555ed4f998ec6347a0c4adc8c8ab51695146721315a414629eaa28e661ca544b744e02e07d2a65b71d8559541e952ac62a798762a2daede40e6ac22955c54fb053b6f6a5719499b3c76a411eea9e4b5feed3a18767514ef6d84f52a35b37a545f62735b0aa3d39a76c19aae7172a313fb34f7a5fecd5c648ad9f2b34d680f402abda13ca73d3e9cab9aacd67e5f4ae8a5b5ebf2e2a16b61cf156a44b461f93cf4a7a8db8ed5a6d6b83d3355a4b73dba56ba332d510f9bb7a7350bc69272460d4fe49cf228f23de9f22173b238e154e86aec33797c038aade5ede86a29339a8f63cc5fb4b236a3d49a3c8ddc7bd57b8d54ee23a93dab2bcc6e84d46cd9eb4470eae0ebb7b177709e4cb73ed5a6b703ec6f0b0c83df38ac38095715a6ab24b1b6c8d98ff00b238a538d8719df5322e2cd230597a76aaa14574abe19bebab6f319422ff00b5c5634d6be4bb293f329c1c57553a89e97b9cf522d6b6b14c7ca6acc574cb1ed3f9d30c60d30a76e95bb8a96e629b4584be923f6ab36fadcb6ed904d672818e739a4c75a974a0f745a9c9752fdc6a06e24de739ce4d5db7d61635208c9ac4da71e94038a97462d586aa493b97af350fb41395017a551cf5a465cf4a306b48c147446729396e58fb326c0777cd5308517ab55453d335656e0e72c01f6ace49949aea22dbbb300a324d2fd99d5b6b714ad704b123814be731eb53a86831a365a119d48238ab11c83a37353c56cb21058f1f4a894f9772d479b62a7cd2630a49f6148dbd4ed652a7fba456b5adba5acdb91db18e871562e160b960fc071deb1f6caf634f62edabd4e7b1b704714e6cb2935a9716ab2316e1463b5505d9bb0debd456f1a9ccb4329479742aff003a3d33c55b9a18f6fc8fcfbd553c7dead14b421c7a02c658e0024fb56be9be19b8bf65624431919ddd4fe559d6f3edc61706ba3b1d5bf74173b481d6b92b5692f84eaa74a2f591857ba54d6321591081ce1bd6a258471cd75cb78ae7e700f63e86abdd6896f79133da0659faf979183fe1511c4f49952c3f589c62dcdc6d1f2e29e279bd3f1a9d706a5551deb94dcaf1b4adc9620d4aacea6ac2a8a78407a8a008d2670bd334e59f77518a955474029768a0437ad2eda7aa549b40ea690ec40a94be5d5d82d1a75ca007d335a169e1d9eeb61c2fb8cf4a5cc914a2d98223ddd29de59ce31cd7a069be1d86dd7324797f5c74abd0f8762563b624c9e7902b1f6cba1aaa4cf33f2cd3956bb1bfd0226791b600c2b9a9e1557da9d056b1a8a44b8d8aa053c2e7ad4cb0966000c9e82afd9e8325e3950caa69b925b8926672afe552a8a9ef34e7d3e428e41038c835634ed37edd902408dd830ea7d29732b5c5caef6290a7574163e119eefcc1b8075ed9aa927876f549c42cd819e075a5ed22572b32e93353cd673c1feb6192219c7cca40cd45b6aee4ea0ad522d3400a7ad3b76dc5022414fdbbba8a8777a52acfb7aa9c8f4a0091a31e950b4039ed4d374cd900629a666cf5a771d88da03cfa543243d4118356d6639e4d4b2482e5406157cf621c118e540ed4c6c761835b51dac7bb9406964d321cefdb81e957ed92dc9f66ce79949ed503445bf849aebbcb8fca2a1140edc565c96e433118c5691af722544c03096e8b534566adb4371eb57a68e6923611c6485e4951d2ab2f996f867461bba6e18adf9f9918f2a4f52ce9da6937038dc01cd775e1fd277b6760e6b8db2bb39dca3eed765e1bd5884cbf1e82bccaee7d4efa3cab626f1ade0d074f11797ba4978418e071d6bca266324859bab1e4d7b3eb2b1ea9627ce50c00cae6bc9ef34d36e724e1c9e13d056d8394526ba9862a326d35b1998a630ab8d65222ee230b8c8f7a8361c74e2bd6524cf39a688545211526c23b1a36f1d2ab990b523db9ed4a9016ef4fdb4f5c8a7cc023d9b4607a530c753798dd33c5376d24d8116dc52d3f69a31ba98868eb4edbc75a5db4e2b52c6228ab36f71e5d414b594a0a48b8c9c5dd1724bcdabc0c9aaef74ee7ae2998cd1b7d2a634d44a9549485699d97058e288e3699b0a3eb4dc53d1da3040ef54e36d88f51ef665323764d43e57f7b8a7798dea69377ad2b32ae8921857b9e7eb53aab47c8e2aaac9d0538ccd8c6722b1953b9b46a245f8efb6fde39ad2b1bcf26412a1fceb9cdc6a48ee1d57686e2b2950bec5c6bdb72b431b3a939e05395f1d4d44ca57383f29aa525c2c1759906e5ec335cdb9d0cd45b851ce73528ba5da3e61546c6fad99d9e550c3b2f4a6dc2acb978f8e785a3ad846b2481b9a955ab02d75031bf96debdeba183c8318dec59b1fc2694bdd1c75248a1697ee216c75c0a824569240be9d4559b5bd784145c229ebb7a9abb6714773307c561ce6bca5fd16ccc98c0c28eb5d8e929040b9c80719ac1b3558d8aa901bbaf7aabacea5258b794401b875ae67793378fba75b7faadac71965915dbfbaa726b06e3c546d4ff00abcf3d58d7251dc3b4df248413cd4971fbe6c48df376aa505d4399f434ee7c4525c0930705ba9ac8927424f735048eb16e00e4d55fb4f35b455b6326cd1b79374a39c01dead47379732bee248ace85815241a9a3932141f5e69b1a3a216526acc8f2b009803711835b769a7a58e162d8e7a8cf3585a5dc3c8ab1a8ddf5aebb4d8e1b78cc939c63a9ae69368da28d4b0f9ed649372c5286c1c703a7f9fcab1afbc7d0d9ab456f109275f937b636e4753c7515cdf8db52b5bcf2920937856c9f978cf4ff001ae4bed9e5b004e47d69c617d59129f447703c417da95d2b4b22a467aac630bfcfad45ad5c699708f2cc5e2bec7f0f473d89feb58fa349f71cb654b608ab9e20845d428eb188c479c13f7981f5aada56277463ee07a1cd3bb8c9aa8b191dff002ab508e99addb20bd6f0f9bc02a303bd4eb62edc9e052c56e61b7695d7763a0a8e4bc370a130100fd6a39997ca32fade1b75c6e62d8ce474acdff599ed5b767a5adf67731e3b5477da72dbc8151495aa8c84e265ac7c50ca474abff676551946c7d2a592da3da02f26b5e644f2b32a290c32024922aeb5f26d200e71deabbda3331cd22d84ae7a6d5f5aa6a3223541f6c3c834d53be91ac4ac9b55b737a5326b76b70771c1f4aa493d85765ed3f6461c64658d178cab192ea1d7d2b363bcf2492065a9cd712ddfcbff00eaaae477b93ccac5213aa48ccabb47a0ab36dab340e081c7a5417166d19209cd40b193e95d1cb192d4e6e6945e875b6fe241770ec638603a5737ac4c24bc257a5555664ce0e3d697cb79180519c77ace1495397322e551c9598d6bc2f188ca83ee6ac5bd9a3a72324d5530b272c0ad5982fbcaf7ad657b7ba446d7f78b32e9e9e5fcd8181d3159e2cdb063118393f78d5a7be321c93f85491ea05570541ef58a94e3a1b72c6452fec5b9638017f1355e6d3e6858878fa7523915b4ba97fb58a6c97c83a9ddf4aa5567d510e943b9886d582ee6520547b6b71aea39236e381c5507f24e709907f0ade1524f74632a696cca1463daac18c53f77c9b7f86b7e631b742b638a70527b54e3b01524b1c8ab865c0a3982c54db46d1f4a9369fad2eda772467d28db4fdbf952eca39808b1463b54be5d1b68b8c8b18a4db52f974bb714ae041b7bfa51b7f1153628c52111aae3de8c1e2a4fe7498a00c09757f930062b3a6ba3237cc734c2bbb9a8e488b0cd70aa7ca77f3dc58ef3cbab31ea6debc566cd0b2ae4555dcebedf855728933a092e3cddacadf30ab963a83b614b608f7ae5e1b978cf07153ade16238c1f6a870d2c5731dac5732900ab6e15a1677ceb9c3ec3f5ae22d752962e371c56841ab7cd96ae795366d19a3bcb5d51a1944cd26e703193505f6a4978ccd2125fb73d2b978f564f5fd6a7fed0465ce7358fb334e6376c7524b7560ca19b18ce6a192eb748589e6b026be19e299fda457bd68a04f31b135f6dc81d2a25ba8db3c8cd63cf782404e79aa2d7855bad68a24391d52dc63a1cd5a86eb381918eb5c7c5aa374cd5b8752381f36294a03523b84d5268eddc40de5bede0f4accb6f166ab6771b8caf2646195f904551b3d4c3a805b356fed51336596b1e5ee8d2fd9976e3561ab464902261fc359cbf37534923c4ac0a0c1a8a4993e8684adb08dcd22e21b76769790070bea6aeea3ac1ba89110e003c8ae516f423afa0a6c97fba61b5b09de9726b70e6d2c6f43216639357ed641136e61918aa56ff00669208b6c837e7ad6cdad9a4d130de33fdeac9b358a36b47bfd3ee1963b89360e8430e3f3ad7bef03c1703ceb494018caa9efe9835c5ae952ee250feb5d168fae5f69d0c50c8c4c51b636b0c82a7afbfad64fc8d576657b1b7fb2bb9725483d0d4924cb270abcfad59d416031b4913b11bbf8ab31f5182188af573d4d081ae838abb7180454ad86d88db3728c0c002b2ae3574101dadc9aa506adb2507766b5499074b6f68af26d703eb8abf7da7dbd8dba49237df1955ae6e1f1325acbbca175f4069d1f892daf3cd3776e27661b55b246d1ed8346a3d2c5b8ede2cf9a8a01f7acbd5a34dd9765e7f857ad4b717d65711ed8e228dd9b71e2a89b3675dc877d6f07aeacc65e4537451f74607bd42ecd9e38ad13613ed2de5938ea075aa53c780720823b5764649ec724a2d1565259725b35075ef533296e8334cda7938f6ae8460ee3476229ff6865180315193494f715ec36490b9e4e6999a75371576466db0dc7d69031f5a28a7641ccc42d49ba9714605326ec4dc7d68c93d694714b482ec4a5a5a7002982422f07238a9199a4ead9a4da3d29c16915a89b7349b454b9f9781405ef53cc3b223d828a936e7a5204a774271432823d69fb2976e29dd072916da36d4981f8d26da2e85ca47b7d6976f14fa28b8ec47b47349b453e929730729c6797f37ad063c715ade4893a7cbf4a6f92a171b79f5ae3f6a99d5ecd997e4eee4d27d957a601ad9f22268f681cfad43f6339c0aa55113c9233059c41b3b050d6713754fc856aad8b019233f4a679233d39aa5242b4919ab6080f7fa539ec9483b4f3dab496319e95616dd4af2b49c9046e607d8e41dc7e74ed93c63ae457450dac7236dd9935764d2635e1a3c71deb175226d18c8e37ce93d2a36b9719ae9ee6c628ced0b83545f4d8d98fcb56acd12ee8c092f182d5592e0b56f4fa296ce38aa2fe1f9fb608ab5615ccd5b875e41ab31ddca7000cd4bfd8b2a9f981ab56fa5b2f7e7e943686470dd4cac0ae6b41351b9938f2da9f05a347d6aeaaf159f2a6c39ac544bab97fe122a4fdf11ca9ab4bf2fd29dbba53e427da149bce03a714df25caeec1ab732965cfa544aed50e25a95c219ae605073c55fb5f144f6dc13fad42b6ef22838eb4c934d0dd462b3704f7345268e92cfc5dbb04b61aaf8f1587fe2ae064b4d990ac734d2245e8df8562e8a365519df5d78a7cc87686aca9358f333cfeb5ca334e3fbd8a48da727a366854d21f333a19afc83c9e2a35bd05b86c56334b28e18362a332c99c853f9568920b9d10d436f04e6963d5163604573eb24bdd4d588773b72a4fe1472a0b9bedab2c92065f97d456fe99ae46aa14e08eb5c84312b7051b3ed5756df6282030cd63248b573b51ad44cf9039f4a8751f22e8f9d8daf8c1f435cb46ccb8c135721b8666019f02a12e5d50dd9ee6b5a2c7131280296ebc55cb68e0f2e489e342b272dc75ac64908ce0f2051f6c9236c91cd57bd2ea2f75115d6926de70376e466fe1ea053ef3c3b34286584f9b175ff006aa09af64966dc4d325bf9f6eddcc17d2b7556a239fd9c0aeb6b2c8db563666f40a6a2685949ca90475c8e95723d466f3073cfad68db6a11ed6126d25877ad7eb125d0cfd827d4e7f1da9bb7deb516ce19dd86e2bcf6aad75666df9dc1d7d4574c6b46473ca9c96a542292a4c1f4c526d1ebcd6ca465ca376d1b4d498a555f4a5cc3b0c55a7814ef2da9c233d6a5c87618b4ec7a9a9218c3b019c1f7a9ee2cdedf9232bea2a3da46f634e576bd8aeabeb4b81474e82803b555d116168a5a3147321d86d34f6a97673cf34863e29730588bb8e6909fc6ac2c6bdea555403a52e60e528d255fd8adfc34f5b456fe1e697b429419994569369bfe7351369cddba51ed10723395461b78a732b3fbd42b93d2a45566fbb5c3b1d7b82c6ddaa58e366e77608a15982e08e3bd1bcad3bdc3445a54936f51cd46da7bb65ce157d6922b8618cd5f82ed36f3c545dc4ae552dccc6478782bc539640ca011d2ae4d22c8dc8e29b042864f98656ab9b4bb2796db0eb09d6190330e95a72dfc7348ac31c54334302c2422019ef543c8619c547c5a97b682dec424919c3719e9e955d6dd9ba71536c6a914987af2a6b6e66958cf96eee5636e4679e68f2da31d8d5866149b437268e6ee1cbd8a6df37349b6aefd9d5ba75a7c3a7bcc70bd6b4e7464e0ca1b47a51b6addd59b5ac9b5f19c678aae579ad534f5467256d18cdb498a795a4da7d2aae65cac69f6e293f8a9d599ae788b4ef0fdbf9da8ddc56517f7e66dabd7d6906a6c4775b4fb54b25fc49196760140c926be70f1b7ed85e1cf0f5d3dbe91613eb8e99065f30430e7d98824ff00df3f8d7cd9f12bf682f14fc46b8985c5f4963a731f974fb390a44067a31182ff00f02e3d8563268ea8464cfadfe247ed59e09f05dd4b676cb3f886fe33878ec4ed8d0e3a1908c1ff0080e6bc8afbf6debe9589b2f0adadbfa7da2ede5fe4ab5f2f79c67e7183e9daa5b78fcc6ff20d72ca763b234cfa2dbf6caf16dd12b0596936c739f96de47c0fc64fe94eff0086a1f16ea927949ab4564e46d263b2551ff8f67f957cf5324f658655dd19eadc1ebf853edee0ae196328fd3e6ff3cd73ca4deccea8d34b747bb7fc2f6f1c595c067d62770a739464746cff00b2ca011cf715d6787ff6b5d46ce4c6b3656b790742d07ee9ff009907f21ed5f3fe937cf1c2eaeab346dd55867df2075358daf4d179dbe189a263d573c7e1ce7f0ace151dec6d3a6b96f63ef6f0afed01e0df15598953518f4db9180f6d7920420938f958f0c39edebc815e9da7b8bcb58a7859648a440e8ea72181e841afca88750963217763d3dabd97e08fed21adfc2fb97b7919b51d2642bbad66727660f2509cedc827381cf15d7cf738bd9f63f40ede6f2db0dcd6ac3a843b71b587e15c07c2ff008d7e16f891f64b782e235d4e44cbc38385383f2ee2064f1d2bd4974f8320ed06b3b82b94c3c3371fd2acdbdadbac8ac57763b1ab2b691f50b47d946738a4320bb58bcc022fc6ab490993a9e055d6b303a714cf242e73c8ab4ec64d3667496e074e699e4315c6335a9b571f779a631dbfc35a73116664b5abf1da98d6ccbd49ad566f6a8994b76ab4c968a313345920d2493348304f156fecc5bda97fb35dbdaa94a2990d49a33a8c55a6b3954f4e94d685d7f84fe55b7b4465c8c8369f4cd396176e82ac2798bff2cff4a95656ee98a5ed18d532badbcbe98fc6a4fb3cbdff009d580c4f3b4d3c2eea8750d140a62075edcd4f25c4ad18575c8153346dd453598f465359732668a362a348a7071525bc22e1b0a4035622b78e662a571f855cb7b4587a714fda5b40e44c8174b1d4b50da6af62735a0140ef4bb0776a8f68c7ecd19674f6fe1349fd9efeb5aa5148fbdc7d69be4a7f78d3f6ac5ecd199f607f5a77d85eb4bc94f526944617a1347b50f668cd5b475e48a9550ae78abde58f5a91554718a9f683e5286c63fc269c217eb8ad11b69dc52e763e53c8558af3dea6498ae29c648194e1369a142f535a6e4127da370c114a59768351363b52a81dce29d89b926e1e94e14ddb53c51063c9c520570866f2e4c91b87a1ab6b3a498da369a81ad47f037e75198d97ad468cd35459690648dd4f2857e6ea3d6a9f4a9048d8c678a7615c977e68326ee08a6aabede178a531c8304af14f401187a0cd3402a791567729e80e7d28231cb2914ae5586c5b7f8b8ab96ad14649f3083549b2dd0669aca57a8c51cb70bd892fe6334992738e86a9f15276a6edae88e8ac73cbde771b8a4c0a7edcd3596aae47295ee264b78da4918222f258f4af9abf6a3920f14d859ad8ac3aa34418af944348bebb54105874cf5033d0d7d2977089ade48dc6e56520ae339af82be3f585cf873c41731244d670b396485b0f191d328391b78e981ef9eb5327645c23a9e23a84b247332306523aab0c11f515496ec8e08e73d6a5b891ee2425f2c7a7a54a9a5f9ea1a27da7fbafc7eb5cb29d8ed8c6e59b0d9273c06f5ed5a85ede11b1c14901cfcd591fd8f35bc62528d9ec540229a269997ca6f98760c391f8d724bded8ed82e53a786758d4382b20030639148c71d327fa1aa8b6d35fdc0f262e338208feb51e8fa599195a63b57fba3ad7abf82343b779a3fddf0718c0cd725497b3573be8d2755a4725a5f82efae30c222dff4cc86603e9c6453b5cf054d6eb96560bd7e51c0fd6be9dd07c1b04f6ea02812b7f7b91ed5d2ea9f076daf34db427697cef94e3a71d07e9fad78d2cc1c647b7fd9f171b1f103785d987c89231f5029a3c3738dc044e1c0ce1b8afa1f5cf87773a4991e38db6396263efb14e3fa7ea2b1aebc269796e2709b0120b27239c7f2e9f4e7af35d91c75cf3ea60394f2df03f8c351f00eb50dee9eb025e230fde4d1ee200ec0e4119f5041e3ad7e8b7c15f8b16ff127c36970095bc870b3c6a372a9f40e060ff3f5af80fc55e109ac515dd4f9aabcf18ff3c57a1fec9fe3293c3df11ad74c791c5b6a60c1b32c577e095380719c81c915ead1aaaa1e3e228ba7a9fa08b303dea4f331deb9a5b97c704d4cba848b8e735d7ca79fce6f990535987ad642ea18fbc08a905f2ff7a972b1f326691618a859aa9b5f6def51fdb81ebd29d98b99170be698cdf9555378b4c6bacf4a7664dd179650b9a56bc1dfa5661989ef46fddc669d8398bcd743d3149f6a5f4aa7c7ae2a5551408b02614bb81ed50aa8a9290c938f4a55a628a963c1eb4ae31cbd3d6949a91553d6a4023f6a928aeadde9de6367ad58ca7a7e947c98fbb9a2e041b8fa9a32debfad4ff2ff00778a30be945c444aa7d6a558e9ebb476a5c8a2e31163f7a7aa8a6fb5277a009540cf34bc0a84d20cfad202cf1eb46ef7a814f18cd2e09ef484794034ec9eb4ca72d779c83b934aa0f38e05247f7aa451c9e73408782477a9124652306a30334f53daa742ae595ba6e98cd1e716fad421a96a6c1cc3f79c538499a8a9cb415cc598aeb6f5ab1f6e1b702b3f6fa53fa54d8ab963ed1f3640a95aefcc500f4aa9467147295734639a35c638352b4b137279acb32fa1a377bd4f29572c3aa1270714cd8b9eb50fd0d1cfd6aee472a2758558fdefd29248515b0ac5877c8c542188ef8a512b2f7a7763e5424d6e248d811942307a8af8bff69ff8537da4ea92ea563757777a6dc93235b4edbbc96e38490f51fec9e7d0b76fb4dae3298ae43e20f87cf883459e24b8685f69e782b82083c1ff00eb74a9bb0b24ee8fcb3bd85add8e1b23352d934932eed848e80838aecbe2ae83268bad5c59b5bc23cb91809a3521dc67f8b0ec0e3dbdb24d496fe1b5b2b18508e420cfd7bd6723a2071e6ce576fbcd8f43dab52c34ff002c02dc9f7ad692d163ec28550a456077423dc9eca1f9940eb5ecff000e6d02c485871debc7ac722e13eb5ed5e0991a38d0f046057978c95a07b3818de773daf410b1c319ddb8af735e8fa70fed2d3976b1574c12571d8f4fa579168374c582b0c21efe95eb9e03612b6d272adc735f273dcfa5e845aa784e0d4ad8298d4b16c93df1deb91bef86e81cb3a26012ff0027186279c0ec09cfd0b1f6cfbee91e1a13331909545c6303ad686b1e09b5be85e558f6ceaa482a7ef7d7de9c632b5d1c752b4568cf8efc51e018e4b2913c9658f68fbdd38e01c74edf8e2bc5f49d1a4f047c4ad0ef245d90477d04a5b6961b448bb88f5e335f6ceb7e1f8c4f226d6231c903e7f5c63bf4fc89af21f88ff0cffb6343bd3026fb9b6ccf16d1966033bb1f51fa8ed9af47098974e493d8e0c4505560cf7c1953f435203591e11d5d3c49e19d2f538d9585d5b248db7a07c6187e0c187e15af8afb5534d1f10e0d3b3177519a4a5c1aa22c193eb9a3346da5db55cc2e5128a72a548a07719a5cc1ca454a323daa6c263a73f5a4db9a5cc3b0d0c6a55908a58d006c95dd522a8e72b8a96c7660b21fa53fcc348aa3d2976d4dc76638499a7892a20b4bb7145d06a4c261e94f5b81e9502c6cdd0539579e78a7a0f52cacc3d71522ccbf5aa4579e3914a3229683b973ce0297cf1d3155158fd6a55c75a561dc9fcea3ed18ed50d1458097cef6a5f3aa3d868d868d007f9c68f398d376d1b28d007f9ad4a263eb51edf6a29682d4f31a7afe550ab638a7ac9c5759cd6275cf4eb4fc540b27bd3bcccd20e544f4e1dea012d3bcc1eb40ac4ea69dbaa0f33de8ddef40ec58c8a370f5a8779ee68dd40c9f752eea83752eff007a009b7d2eff005a8371a50d48a25ddc519151efa377bd0324dd4a2423a547bbf2a4dff8d3192172dde90b115186cd26ea007eeaab7d6e2f21689988561838c7f51535358d023e23fda73c293e87e248ad91916ce551222c6aa0b649196daa067dbdfdeb8ad61cab6d1c015f577ed23e074f10784ceab0aeebdd3ca9cffd32ce5f8f5ff0af93f545cdd377e6b9e6ecceca263caa5b0698abf355a980155cb8eb9cd627a11d8b764a1aea31d06457b5784962856204fc98ef5e0cb75b5f20f435d4da7c421a5dbaabb64e3031c9af3b154dd45647ab85a91a7f11f4d59de431c4bf32835e9fe05d563b7f2f69cf6af872d7e26ea9a9dd04b5562b9ebe9f5af67f87faf6b31a44f7377e5a1fe1ddbc0e7bd7ced7c3fb3576cf7e95655b448fbc7c3f769716f1153b815ce739ae8167565c633dabca7e186b9a76a1630aa6a57124fb47cb314d84fa0c01dfb735e96adb6b2a6f43ceaf0f7accf3af15594bfdb938c1742015590e477c6739e3fc78ac1865d23c37a921d4e7f22deee5f2a177e70c4e704f61c75edf4af49f1469ad791acd0e0385daf9ee3b7eb9fcebcafc65e037f1978574e80b490dc477f80ec304a805483ebc337e42b27eecb53a28a552d16ec33e1a47a7f87f45fb035fd9a41737b70fa4c6f28479e0dffc0a7b6edd8fad764de54bfc386fe55c578d349b4f16fc21d4b4db5b668753f0c8335ab639912227711fed150df5cfb0ad1f07eb12ebde13d235094fefe6b71e69fef3a9285bea76e7ea4d7d0603172a92f672eda1e5e6597c29d2788a7fcd66bd754fe6741242abc77a161465e4e0d572e4f7a4de7d7a57bfa9f2ba16bece3fbd4a2d78073502ca70066a45b975c73fa51762b20da17eb4de79a469b764d2715571122b6dea2959b764f02a2efd28a044caf4a58f6a897a53973f4a00963cd3f0734c4269e1aa6e31db49c76a9578ea2a256a786f4a432566cf7e69bebcd34352d34ec20a5196a45229e187ad3e61584dbcd3b0453bcc140914f7a39839429dcd37cc1f5a37d1cc3b0fe451b8d2798693751cc162456a771dea1a5e734ae049e653779fa53694668b88f26f376f5a72cd93548494f56aedb1cc5df37be69de6551dc7d6956434c2e5ff0033b669de61aa224cf7a7090f6a065d127ad3bcc1eb54448477a72c845005d120f5a5590af4aa7e67bf14be6d005c121a77986a9f994e129a432df994be6554f3a93cc3eb482e5df3477a3ceaa46434be61e99a632e79838a5f307ad52f31bd697cc34016cc83bd2192ab79a7d28f38d005adfcd1bff3aade60a5f3054b431b7d6d15fdacd6f3287866428ea7a15230457c41f107c232f853c5da9e992f096f2131b918dd19e51bf1047eb5f6ff009b5f247ed85a95c378a34f8a183cb02cf619f691e61dc5b19ef8ddfad65346d4e5667896a9a8450b95f307e759ab7cb21254e4573b756eeac5a49326a3b7bc68586dfe75cf25a687a319f73b7d3f49bad5dc2c0a083fc4cc0015a5a868ba5787e1cde33dedeedc889322353ee7bfe15d4feced796d378b2cc5d22c96f23ec659064035dcfed41f08efec7c717daa69963e6e8b76892c5f6551fba01143028391c827818e6bc3a95daafeca4ec8fa2a34a2e87b48abb3c0edf54b8698185121553c2818515edff05db52f88167a9594488977022fd9822320909621cb4858a285519e55b24818e491e1d059b47c61b15ec3f0c7c6927852d4c56f1f97237fcb4ffebd2c5479a1eeabb34c35f9f5764773e0af147887c09e2f6d2ef6e5666f342ee89815fe407e4057ddde0dd7d75dd1a194b069360cf3edcd7e7be950dd6b5e265b93f3966ddbbdf3fe7f2afb47e0ab4df632af955e3000fa7eb5e2548f2cd79ee7a3523cf4dc9f43d5d62326463eb583f65290cd6e4797f66ba12ae79ca1c371fa8ff80d7531a6c5e7ae2b8cd6b5cfb1dceab346519e0f276a9ce721c29c8f4fde53a8925a9e7526e52d0f94f4bf8e1e2df0ef882ea3bd759254ba759e19e251d1886438033d306bdfac74eb7d174fb4b4b35d966b1ef8547f0c6cccca3f0040fc2bc37c0ff0ced7c6df10bc4cf7125c47a2e9f737530d8332c804ac23527be78cf735eef334db6dc5c288ee3ca52f1af48cb7cdb3f00c07e15e865e92ada763af3c947eaf18c559e97fd05dd49bb9a8f762977715f507c05897752e6a2de2944940ac4c3bd3aa1f307ad2f99da80b130f7a7f1eb55fcc1eb4be60f5a0659a50c3e955bcda5f305202d2b0a76eaaab2d2f9940ac5add4b9c556593de9c1a802ceea5dd55f7fe14ef300a009f7d28350ef1eb4e120f5a044c296a2f3bb6297cda009297351f99d29778a4325dd49b8d3370a3763de8025ddeb416a8b751b87ad0225dd4bbaa1df4bbcd0078dacdeb4ef385530c453bccaf48e42e893de9de67b552593d6a4593b52116849ef4f127bd5559334f0d9e33408b1bfde9fbeab06a76ee281dcb1e652892a0127ad383521dc9b70a76ef7a8037e34ef30d2026dd4bb8d41bfd697cca064fba97777aafe651e65032c799479955fcca5f328193f99479955fcca5dd9a009fcca3cca8377146ef7a0097ccae0fe34781d3c7fe00d46c962125fdba1bab36c7cc25404ed1fef0caff00c081ec2bb7dd485b69c8ebd6b37b14ae9dcfcce9b497691ddc7eefa007bd667f66ac6fc65b9e2bdb7e277849340f1a6b9609185b78ee59a25c7447c3a0fc1580ae1ffb3618db24702b90f56094b536fe10c2d67aa5936368370b8fd2bef0d434b1af68766251be54007af615f0b787e7fb0c96b3a8da15f72fe071fd2bee0f8337973ab69b0c9240f728b16e3b413c0ef5f339a43de8c8fb3cae4bd835d8f9a7e31fc3f4f0feb0d2adb84490e4b28ef5c369d088e45d87915f50fed2d24779a3bea496cab62a5616c0c3231e99f62475ff001af94a3b830cb953819a30b55d4a767d0d2b51519735b73db3e1b5b99ae10900e4d7d85f0d7f7160b2639e335f21fc21992e2685f706208ff3fcabecaf06a8fecf8f0318e98e95e5d67fbd3a2697b248ee63b832c60f415e75a94d14be36bdb598030cd115957763ee85707dfa57a0dbfcb18cfa5709e31d3d5b5cd32ec232c92cde437ce17e570411df3d7f9fa9a9ad771479942d19b388f0d2cc750b8bd88910c8e64b8912303cc0640412071c9c0cff00b55b535c3dc4af2b9cbbb163f52735e877be1bb5d27c237f6b67088d6380b1f56dbf3727bf4af31693b57bd95d250836f73c9cdb15f58924959227df8a5de6aaf99ef49e657be7ce96bccf7a51262aa7994eddef4016bcef7a3cc3554353bcc34c0b3e6501eab89297cce79a4059dd4edd5577f34ef307ad005a56a77995577d2f9868116c494ef307ad531253b7d30b16c3fbd38486aa799ef47986908b824f7a512554f369de6d022df994ef37dea9f9bed4be60fa1a00b8b31a779d54bcdf7a3cca065df3297cd15484beff009d2f986908b9e68a3cee2a9f9b479d40174483af4a5f33df154bce34799dcd007902cbd053f77bd783ff00c2d4d7971fe98831ff004c23ff000a71f8abaf36317c8beb8823ff000ac7fb4a8f9997b291ef01aa4125780b7c4cd7e4273a8b0cf1858a318ffc769cbf133c4191ff001302541071e4c7ce3fe034bfb4a8f987b267bf0614e1201df9af06ff0085a7e20db8fb6af5ebe447f97ddaa33f8e358b8be5bb6bd712a8206d0028cf5e318a7fda747cc3d948fa24498279cd39660c7ae7d6bc047c50f1084dbf6ddc31b798d33d319cedce6a0d0fc7dabe870c915b4aae246dc5a65ded9c7a9a3fb4e8f98fd8b3e86f3053bcdf7af061f153c469b7f7f1360927740bcfb702966f8ade22971b26861ffae702ff00ecd9a7fda543cc5ec59ef064a77986bc263f8b9e218fef1b797a7df871ff00a0915623f8c7af01cdbe9e78ef149ffc5d2fed2a1dc3d933dbf79a3cce2bc587c64d6bfe7d74f1c768a4ff00e394abf1935856e6dac4fb79527ff1ca3fb4a877fc07ece47b4f99efcd2f99e86bc54fc64d5bafd9ed3af68d87fecf4bff000b9f58ed67638ff724ff00e2e97f68d0ee1ece47b5093de8df5e28df1af59cff00c795801fee49ff00c5d47ff0bb35bed6961ff7ee4ffe2e9ff68d0ee1c8cf70f3051e657877fc2ecd6fbda587fdfb93ff008ba9a3f8dda9ff001d8d9b7fba1c7fecc69ff6850ee1c8cf6cf328f30578c37c6fbde71a6dbe7b7ced55a1f8d5ac293bed2d65e723e565c7eb4bebf43b87233dc3cca6992bc6ff00e176df1c13a5423fedab7f853bfe1775df4fec88bfeffb7ff1347d7a87f315c8ce53f697d15ed35eb2d5507eeaf60f29c81ff2d2338e7eaa53fef935e0b73232f02be80f1e78ea5f1d787e5d32ef4f82252eb2c532b3168dc670c3f0241f626be7fd52de4b699e29176ba9c11592c453ab27c8cf4b0ef4b31bfdb0c8b0c7d123e38efcff00f5ebebef07789ae61f879a4ea7a16b56ba6193f74f3de5cec8d1d7185d8a773127d2be35b78564dc5c0207635523d4da197746cc0ab641c9ae1c5e19e212d6d63e8b078c8e1af192ba67ddbe32bcf1578afe13ded978a63d1a6379b1edaf34acfcbb650cdbbe504e760ffbeabe61d5bc277b64cc5009141eab527867e26788750d3e2b0134d3c4a3e48f0700fa62bb887c2fe26d6b4932456aed26c6215c05dd819e338e6bc98465876d499edb9c3111bc2252f843adcfa56b096d2ab202c08dc3f5afbafc01a88fecd8c31e1be6c1af80747d51bc23e278f4fd72310b615be63f3206e41e3a7d2bec6f00ebd15d787ede6b7983aede8a47cc31dab8b14dc66a6ba9515cd4f94f693ac2ef11f518c6076f7fa5721e3abdf26dc3eecc8b2aed532347820f1ed9cfbf39ae663f164b26a90857db1636ab31200ce7a9e9918e73f9f4acbf17f89ae6fae60b2b77ddf699e38d5c1dfbb93c819e8319fc0fad737b5e656315479647d136eab7f61b5feecc9b5be8460d784b318fe56fbc3823dfbd7b1f85a693fb3e28a6659258d70cebd0febed5f38fc50f8890f81fc73ab69577a74e0c72f9b1b238c3c6ff0032919ed838fa835f4b82c44209f333e4f194da7a1d434949e6d796b7c74d2b03fd06ec1faa7f8d47ff000bdf4ce736375d78c32ff8d7abf5ba3fcc790e2cf56f32944c6bca47c78d23bd95e63fe01ffc553d7e3b6887adadf2fd153ff8aaafad51fe626ccf53f30fad2f9c6bcc3fe179685b49115eeefeef969ffc5553b8f8e567f6e5582190dae465a40031f5e01a3eb54bf982ccf5df3ba53bceaf2f8fe37688d330659d23c0c36cc927bf156e3f8cde1b3f7ae268fd3740dfd2abeb14bf990599e8a26fce9de60f5af3d5f8c5e1838ff4f71ff6c1ff00c2a45f8bfe192b9fb7b7fdf893fc29fb7a5fcc82ccf40f37de9de6fbe6bcf3fe170f86949ff4d90fb8b77ff0a72fc60f0c375d41d47bdbc9ff00c4d3f6f4bf9901e83e6f4e69fe61ef5c02fc5bf0b374d53f3b797ff89a97fe16c7860f235407fed8c9ff00c4d1eda9ff003226c776b2fad2f9c2b885f8a9e196ff0098bc43fde471ff00b2d483e27f86b193ac4007beeff0a7ed61dd0ced3cd14e127a57143e27f867fe8336a38cf2c47f4a56f8a1e1943ff21bb33f47a15487724ed7ccf7a5f32b816f8b3e1efb6411c7a9dac90c832f379a004fa8345e7c5ef0d5a498fed159d300ef87e71ce78f5edfa8a3da43b81df79d4a25ae2cfc50f0c63fe4356df99ff0a65afc50f0eb3387d62ce3c3b04f9f1951d0f347b487703b7f3297ccfc2b88bcf8abe1bb4b7791755b7b865e91c4f963f4aaa9f18bc3b24658de84210bed24751fc23de8f691ee07a179828f3bdeb83b7f8b5e1c92de091b528a37917718f3929ec7deacff00c2cef0d1527fb6ad78ff006f19a5ed23dc4769e67bd1e6fbd7136ff14bc35340b236b16b093ff2cde41b853dbe2778602e4ebb658ffae9cd1ed23dc0f8f072792bf952851fec8fc2a9acd236467a1e98a779edc67a63d2be3eecdae5d561ea3f2a93ce5f55ff00be6b36391b9ebf5cd3fcc2319fe7489b9a0b3231fe1fca9fe62630003f856702319ddc51e60db90491f4a43e634bcd5e99e71479c3ae7f5acf56031d7e98a048abdcf4a05cc5ff00b42e3a91ed9a69997d7f5aabe6a60313c0ee697cd43d0f4ef405cb3e628f5cd1e628ec6aba4a9e9c8a049f4fc78a5cc05af397d0fe74ef357a043f9d5457f949c74f4146e25ba91de97305cb9e763b63f1a3cd273cd555ed9e3f1a503a9ce0d1cc87a960b1603269559578ea6a0047738a4f95bf8b14b98659665a632ab719350f9684fdee71eb4a15576e5f3e94f9bb0c95a25f5347943230f8a679abc91fca95640c7ad4f3b10f31b7fcf5a6185c9c79a68f303702981c1ef8c7ad2e6650ff00b193d641f9d725e36d242ac772b8627e5623f4aeb3f1155754b15d42c5e1279ea08f5ada85674ea293d8a8be5773c76eaebcb996dc719ea6aa47750473148e1329fef1c9abde20d359262ae363a9c723150a98eced5420c7ae075afab5252477d37adcecf44f11c5a769020b6f396f1dc1639da9b7b8e0e4ff00f5fad7b77c36f099f125b41717d7721697908aec9b7d8f7e9fe7bd7cbb69a9324ea76e4835ee3f0f7c5dae6db763032daa0d9e629c0eb5e1e369b51bc4fb2c0e3135cb63d77c71f007c3d7da34f71661adf53ceffb42b13bdbd1813c8fd6b43e05d96a5a5e8f269d784b2c64ed23d3d8d5ad2fc44dab69c17764f523bd7a0685043a26962e1936bcb8443b4e79c7f8d7cecaa4dc79247738c6fcdd42e09b1d31d9a3447563b18c4491c8c31c723076f383f4ac4f04da45e26f141333ac90d891b70e5b7c993961cf0a09c0c8e82a878ebc5ede625847362ee4902c7203c4633f7f03bf41cf1d39ae8bc0709d2ed63b71332bb72ed9e48c71ce3f1fc4d62b4265b1ef9a05c055040c67ae2bcd3f69ef8627c61a0c5af5845bb54d2e36f31547cd35bf561ee50e587b17ee4576be1abe56d8b9c640f97f0fff005d759349ba1cf422bd3a52bc2c7cfe229f348fcd89f4f5eaad555ed0af707eb5eddf1f3e113f857519b5ed22df76873bee9a28c7fc79484f3c7fcf324f07a03c71f2e7c4a49d777de1eb52a4cf02b5274dd9a22fb2e5707f9d27d9783c7eb4ad367a05c533cc45c6063d855f3b38da41f661d718fc69bf6760786fce9eb7098e5b69f4a6accb2100306ed55cec9b0795eff91a76d38a4dca188200a46707a669f3b106c07af229ad6bbb95623f1a6e46339c6285906e00ba83d81a7ccc4396de419c4dff007d53bcb93bb2b7d0d30e79200c7d697e71c6d18a7ccc0718597b633e8693ca623ef329a8c33eec1008a4dcdb78fd29f33158798a5ff9e99c7b52f952af1b81a8fcc6f5c7e34ab230cfce69f3b15891a397b12699e5c9d48cfd453bcc93b1c8a6ac8fdc907d8d35518ec35a1c8248c7af6a8fece5b80587eb5279ae17ef7e74efb43b0c29cb7b7355ed193621fb3b838dec3f0a511cdc626a916e24dd86e3f0a77dab6e38fd28f6ac5ca88592e074704d01a7ebb73f8d583701bd290dc2edc6da7ed58591079938fe16a3ce97d1854b1dc2723766977a67d69fb526c46b2bf192c3b50d34878de4fd69ecc88a49271d7a669ab711b2f0c0fbe28f683b1cb7db833039603b915247740c9b7686e7a806ab2430dd3248cabf363ee6475c7bf352a2c1e5ed0e4ede79241ec3d6b176209639a57e086619fe15c71f89a99a57619507d8138aa92794ec544aa0672370ea7d3bf7a9918c6a40644619e1db6f1fe7f98a91936f3b578c67a6da37ab63950c063b0cd411c92b7dd8f20b67ef06cf4cf7a5660ae13ca91589c1dea0638f507d075cf7a00b5cb2965c633d73fca9447cf1d3b7f9c5559eea18dc0918ab3807395f94f1ebdf9a8fed51c6aaf1334a8c48215d7b63923f1a07a17c6de1495dd8e99a91b6aaed0b939edd6b2e5657f9cbb2b15054e406c63d87b1a779d1c8ac45c00a00385c3751c669582e69fc833f786eebc1e29708a9961807be3d2b3552568f72cbbdd8fa852074a49249d772b6f6c75da01c52b0cd0998ac9f79be8a319f5a55bc5652155b2073d2a8fdb82a80cc5781f7b8ee07f3a7fdaa29a3244abd01e39cfa7e54ec05cfb61c90223c74c9039ff3fce9cb70eeb923cafc41ef59497c8d288c9625802e1720f3e8715719951433364ed1c31ebcd434059598b0c64e71e94d6ba48d886241ff006aa2668d3715c96c160c5ba71ce47e14c9b0ab868d986383b8d2027fb404c300c7f5a16662ac42900f634c458e4e43be31cee3f76991ccb1c8c231bf1d4649155a0c93ed727dd3fa5396e191b6b29f7db5034c9333ab7ca08e8c70454cb12aa89092abd1b079149d835246b852c307715e8452ac878f98007a542d22ab801b6e7919c0a7f9aaca41607ea3daa06993a12dfc79a734c63ce08271f740e6b3a3692ee458e32b8c6e2581e9561992d30a0af9a7ae4f269329328eb9e17875b8448e56da7fef81927ea2bcf752d166d367305c01fecb0e8c3d457a934cde4ee18763fc39e6b2b56d15352b122752b263865ec6bbb0f8a9527cb2d8da1371679dec8ad635c6339ce6bd03c13e317b4b3363c189c81f4fad79aebba56a3a4dc3f9d0b18c721d46571eb4dd17577b37df921b2318af6aa4635a9e9a9ece1311c93d0fa7746f1b2dadb8584a899f0060f4618cf3db8f5f4aecb50f8ad32e9fe4ef1808a9b180e5ba0247e3f4e3f3f9862f1bbdbdbc7e565242b966200c9c9e71deb63c33e248dee9269dd9998e00dd8c71f5e339af9ea98496f63e9e389868ae7bae86d7325c2ea57aed2672519bb8ed81e807f9eb5e97e0fd5dae2e17e61e580003bbea3a7f9eb5e251f8a964b78e259000bc018e00ff000af40f879a82dc344ca38fe118ce3b13f977ae0953695d9d1cca47d33e199b74684b723e515d54d7de5db727a75af3df0dea1fb88df70e9c62b5b51d49a4b69d437cdb735319f2a39254f99ea58d4afa2b8848216446cab230dcaca460823b823d6be47fda53c23a5fc3eb4b4d7745545b6bcb9fb3cda6c8e408db696dd11c13b783953d3231c703d96f7c711e966617132c289c9790e1401dcd7c6ffb467c5aff0084d7c4105b5b48c34eb10c6356eeedc16fae07e46bd1c15175ea24d69d4e1c7469aa4f9b7e85087c69a548a37dc35a4a4ffab60cdcfd40ad8b7befb4dbacd0bc73c4dd245391fa77af085bc66732138cf19f4ad4b3f185c695bbec729899b83c020fd410457bb3cb62d7eedea7c84ac7b10bf0242194823a9c67f5a9bce924c98e442a3a715e48bf12f548e40667b6b8f50d081faae0d747a5f8cacf528c2b66da5ce77a9c8cf1f423f007deb8a780ad057b5fd0c6e779b8b7cc7838fce93cd61c13815816f7f70d1bba5c2baaf03791b738ce322a7b7d699e11f688fca6effc42b8a549c45cc6a6e7dd9f3171e878a62c922cc43f03aee1820d44b70b22e3cc52a3aeda6acd27ca14c78c77c8279a91dcb9e6346abb864f4381d691ae864ee3b07af4a85ae0c432ea57d0aa93419c120175504f1bc6290ae4eb74ad8db292bdce41a71219772b75f4aaacbe5e4ae39ecb83fcea68e162405639ea7047f8d4b0b848cfc18e4c9feeb53da67da498f2dd48422abcc1e1604a863ed807e94c9ee8daed2b0b329edb87e754172e7da8ac677e533fde151b5d296037a83dc9e2abf9abe66e769154e7e5241143c8bfc2464f421b9fae29813f990ccca55d5b70fe17ab1e49e194e413d8d653431c9b0c89c31dbbb7639f4a1b4c562cf1cf247feebd326e69b1e339c638c546b29909c32e3b551586fada4262bcf308fe190647e749f68bdf3180584b1504960dcfae3145bcc0bffbcddb7b7a8a6c933afcc15980e7200359cdab1b6629240e2518cf979c7d4669cbe21b458cb48b344abc9665c03ed4f95868586b976e41719e9fbbe45115c16014f2ea704b47b73f85451eb7a65c4994bd4f2d4025a405474f52055bf28cb99229239531c6c39c9e293d3742b0d57591b3f2ee5efc8a779d8e3a10718dc39a8f6c9e690f0c654f7ddc8a046974acde59503f848cfe3480c7582de3ddb117cb4c127248c1e338fd6a269e388c71b4a300600f2faf6241eff4cf6aab0d9c31988e1d6352c18c9216c1dc0007b904ff003e3ad2c36e5232d2db46d17cb87de4e02f1c76f427fdef7a7624b91decbe59543196ce4488c782c07b7d7f2a26be3e5b1b880439fe2c138c739c8ebdc5569f508b4db74d90b6d660bb1543677654838edf377efef5279914ff00bd8d248cbaf1b978ddcfe43181fe782dd40921859a390fdaddd70db5188e3b1eb8effa52a99233869e50b20f9b6a86e3231c8f6a8ffd1a56f382abafcc01380d8cf07af4ca9fce9d1dc40b1e43247c6536b64138247ca73dc914f7d80926ba58e29158f96769215933d391d7dbf90ef433a348a0310a71b3d81c567dc5c796f19f93c990655993a1c7b7a63a62a1fb4fdba3fdccbe4e50a8088a064e3241f4c55283dc0d5b1f3162d8f2ca02b81ba420e41193c67de87b58d2e09570877051be30558e463b7a66aa437112cc23093249b829f307cb8c1c7e04afb5690f2f746eca6368c7ce08c700f1c7e7f9d44934c34238ecde2b7064318c8ddb9463b6474f5fe94341246c4899ddd81660acad8c0e3af6c64d3be68f9795d4e412aedc90471f87f81a48d62926dbfbc51f3382d8c11f5ff3dea2ec623c91c924d0b0694f1b37305c614138e39f6fad27d862f3232abf38e3209c0e840e38a56996055067462ca192327696fc4e7fd9fc734925c89b10c71212533943953c74e991d0fe18a3518269d2b30324c42a9ddcaf40738c9ef4ab07d9db789f79eae5864027a91f9d5717c64923478a42d909f7c11f5fd4fe42a49d259b7246c081c9caf3d3a7ea28d7a8b4279240b9f2fcbc67078f7ff3fad4bfbf20e238d9719c64fa8fcbb566dac8b6e1d269a4dcc576130839e4f61dfb56bccf1b1f923f9caedcecdadd00273532d06564b178e4dfe5b45c1da37f07b64e47b53e15956232c8af1824ff001a91d7d451e65c7d9d648fcc3f39f9b6e724f6fc47f534dfb69b56f2a48dcec077819dbc6793f89068d58f6145c6e93043a91ea991c01dfd29b35e18c15c17f9b9c2e475efcf4e698da9a5c48d1c63ce6fbc150707fce2ad7d99d86f9428524800019c67bfe1fce96db86e5791dd6351859f0036154e334eb78c96df32a2f3db81c13d7f4ab771225af10a0603d803ce3d7e9fad5369a76591f76d8c7255901eddf9f5c7eb4af7422ef9c5942c5caee1f32807b7ff005e95660ab862ace33c7231ea2a9dbdd261bf70c8dce195368f6feb42ea05637671289400366cfbf9f4fd3f3a9e5658f6b848e3df8e771208cff9e38a7d9dd332b063f2a9e5883d7d3f9d364bf411b316680056def2611401d79cfe7f5ae23c45f15ecb4f85e1d2375cdce30666188948ee33f7bbfa0fad74d2c3d4acf96082f6dceeb54d42db4db1335f4d0dbc2df28321e1b8e8075271dabccee7ecf72be75a9dd0331d8c460919c735c1de6b579ab4ed3de5cc9733375691b3819e83d07b0e2badf09ddadf69325b9ff596ee7f156248fd7757d151c17d560db776cde854f7ac1e5fcd566d666818114e9a13b8f151ac4735a3573d48b6b63acd3fc4d22c71467a29ebdc8afa0fe12df2dd244caff39f4edef5f2e5ba95606bd9fe1178bad340b7737b33205e42aa962dec2bc7c650bc3dc5a9ed616bbe6b4d9f5958eb71d92eddcaa3d2ad788bc7163e1df0ddcea57b2fee51701411ba463d117dc9ff001e82be5dd73e32dccd76c6c61f257901a5393f90e07e66bcff00c7df15ae26b54fed0bc7ba9d462287230bf403803dff009d79f432fa9524b9b63a2b62a9c1368b1f15be2a5cea9753dccf2042e488ad909d8a3fae33c93eb5e0f7fa83dd4ceeec5998ee627b9a4d53569b54ba79a56cb374f403d0567349d6bec68508d28d91f2788c4cab4aec99a62dc76a8da6dbf5a81a4c0cd4424dcd9ed5da91e74a45b593bd5fd3e4792e238d4e371c7d6b243743daa7b4d45ad6633201bc0c267b7bd0d5d109ea77726a8ba5b47b6664b8e02ec3f37ffabebc576fa36ad16a4bf67b964b7bd51bb8036cabeaa3f1e476c7a115e3b684da37daeedb7487e60ac79ae9b4fd7adf50817ce5f2ca9e0f707d41ed5e6d7c346aab3dfb9d1a4f7d0f4c934808a6456544653b5d4e0e7f0fa5508ed6e216dc6e7cd895b0373707af1953d3fc2b234dd764b7001b8df0e46194648e73c8eff51cfb1ae80ea503b2a3069958e525888c10dc83c76e7f4af9eab46a517696a8c651b6e24325d2c819e02d1ae72c930718c7d78ab6f70d2460055dd8fbae338a6cb3c4a03282e1b82bb71f5a3ccb2986d30b472ed2ca1c1dac076cd72b6492471dcb630421ce72ca36e3eb5247f694c24ac8d8273f2f5e6b2e6b26fb6150f2c3193b7e465dbc8cf4e7daa6b7d2d632cff6a2eca328b21039ea053b2ee0997ee1aea354090af5da43138c773fe7d6996f72cd210fb142e4679e6a95c4d3472208c8c02589f331827dbd3fc69d179f71232aac13e3059438cf3dff002fe9472e831f75733c771fea6475c649888207ad50935afde6045228ced60d1107938c8ff3daaf3c7729be43b228d4e72bebc7a0fa52f9b731ab209227557f9a32df30fc2a9590ac2c37d15d2e572871d5bbff00fab14310b20592ed43f04e13a83d3f0e298baa24718fb598e2738c11ce07b539aeace43e64856786401fe423a03ffd7353602c48e36abc6eb2a6fe1b073d7b8cfa5519752b513805da19037cbe6ae08edc67ad598e4b1ba091c64a36dc2c831cfd7dfa545776d366100c178bb30c2450d83b8f1cfd7f534d5af6605d86e92ea24923963ba54192a0e0819e9f4a81e68f7c8ac1bccc16dbc1e3d4565c315cc6f2a35a450a230d8c246048dbcf3f8f4f7a75d4370b112ab20debf704849e3d3bd572ebb88bcf6b6d78c11944aac790cbd299268b1c308fb35d0858f237fcc0647d78aa7b160991da3906791bf27279e7f3aa8ef7eb219e39a396d14fef23923da4e06718f7c1e455a8be8c46b4367a8436e54df2c98381938c5291ac5bcafe51b39b2b965dfb5875fe98ae6db5abe79a3410b3a9218e1075fa7e3d6aec7ae6c8da391658a538d8501c820ff77bf5aa74a7d52173219a4cd71238f31e00cc549291ed2324f20f1cfa83f9fa48db611e634aaaca77322c9966383d33e85875ebb7f0a5768b50b791e2ba9262abba32ce7693b7797f98f279381c0c9c0a9ae8c30ccb0bc516ed8bfbdfbdc9ec39e790483f4f4c8c3a8c6bc914b1aca8b2206dacfb5c6d52c36f383ea718a21731ab99591dc7ca4cd9c32e1860e79ee3a719038e0557b8b611c93a89b7090ef6d8f9cb17603b73c739e7bd174b2daa085815917712e26c7240dac3392410edf8ae79aad1e804d1d94d23389238a53d1234195f5193e99c9c7a0ef59d7d6f6c3cd4dcd19329c26e6c85e48038e7b0fc4d6bc29140cfe74b2413100793248186ede010703ae03743dbf22cef3ed123cb279572cc00c646ddd818ea78ee727d3d8d35271d446643630dc2bab18e45705cab43b4aed39c75ea41fc403f8452e8b6f1b24f690489102d919700852ca57a9f5007b915acb6f6cab37ee97ce6e37ae41ea70063a671cff3a54863b499003ba352a9b5a4c1e46ee9dc676a93dc9f6a7ed1f4158a7069657cb9feca376ffbaeedc29ee79e00f5c7538ab966c19230e5594a6e0dbb25c8da319eddfb547fda12ea7be36995cbbe5f200c12bb81241e8324e3d85490c054a13325b3b6d742a031032005073ce723151293ea052935cb770524563f71bcb27875c6d605b1f7727dbf2e2ac5bcb35c289994c6180de3693d70463d3273c678c01572cf45b89a4b49229e1d88c1f7469df2176903a0cff334d6b1b968a2d86d66dca5536b918c104b0e3a7391f4351cd1e855995fcb677f351119a33b93e6dcc33c6071eb8fcbe9573c968e0b61008e46e33bb2bf2e3b1aaeb62f6cec18bacb0b112babee1f26028e3b9e3db0df5a7992e216951ee0e63468ca087a1e8586483f77271d3ad4defb0c513cb0dbc99b0590b1216391f3b8e3e6c7e3bbf0fcea369040bbe4f3212ce462262c0f4c0cfa919fcaa3b699ae176836e4295657008656c0fbd9ea08279f506a792117b691cd22dbb47b95635c039639f51c03c75f4a7ea2dccc319ba8c6dbb8e36059890416651c1c8f6c5352c2f92631349e64672559656fc7a7d47bd5a921b5d3d623114490a15f2da21b8670723f1c9fc0540a2fb5275105d288483c9c860a78193f503f9fad6a9e9e42b17eeef3cbb70cb2a9666fbaa0e37138200ff74fe555bfb2f509ca6e94451304255c024ee1eb9efcfe26b574bb58f4f8d62998176c39ca0e4803807d3819f5a24be8919a091b6a02db5f19ca9200fa1271d7fc2b1e7b3b44ab69764b1c234e2a232d3052432e01751b0038c007eeff009ef503335d4eff0034e1142fcc0f0573ce3df1f9f359b32c50c2eead894e5810795e3b9fa76a8ecf507919f65cc2c4b80986da73db8f5c7e79a6a2f715cb8da84512c11bc9282a769798e76fb93fe7a0a6e9fe7dd2bab9640544800c007b37e14d58e3976c86472a5c4878c88cee6c0239ce1467f0ab0f77656ad0e252519f2148c7f9ed8a3d16a2276bc699923181b142b15207e207a75ac1f1578c6cfc38c16f2469ee550325ac2fd41071bbaededc91dce335c578f7c771e9f78d69a44a7ed11e564b81d10f42abefd79febd3cde4b869a466762cec773b31c9663d493debd9c265dce94eaedd85ccce87c4de34d4fc48c1af6e19a307e48149f2d3dc0f5f73cd61b4e4a75ea6a94b36e6e39a7eefba2be92108c172c55908bb1b03cd745e10d5069faa1dc7f7732f96df5cf15cc46769c7a54bbbf1a728dd58d22f95dcf63f244cb91cfbd432589439c715e6da7f8a352d3142c372c63fee49875fd7a7e15bf0fc48b80b89ece190ff00d33629fcf75714a8be87a54f111b6a7570c2770e2b6e1beb6d26d4cb7332411f4dce71cfa0f53ec2bcd6efc7d772ae2da08ed7fdacf98c3f3007e958177a85c5f4be64f33cd27f79d8923d87a0a5ec1bdcd3eb4a3f09deebdf11036e8b4d43e9f68917ff00415ff1fcab8a9aea4b891a49646776e4b31c93549588e49a46938eb5d11a6a3b1c952b4aa6b264e64ebcd44f263806a1697d2981bbf7ad8e76c7c92f41d6915f0b55f764e4f4a5df8001354664cf3738cd2c7318d838fbc3a67f9d5656dd963c54d6e14b1924cf96bc9c75fa7d4d311a508f307da2ee46da4f19e4b7d2b42d646b8c613cb8474f5acab356be984d37083eea8e807a0ad286633388e1c11d2b191bc4e8adeeb2a141e3b56ee8daa4b6630a58af5db9ebec3d2b9587e4c0ce6b5ad5f6b2b0fa572ce319ab3d8e8b5f467777124d98844cb21551869875f7c8c64540d7d736aca6f1c6cc3205d80fe54db3db71a59f9c975e3ca07ef018f5f6fe553c37490db22c8d2226329f3739c9c9fd4feb5f3138fb3938b5b1c325caec2db6ad6f0e5d253b58ff00ab65ce0f519f6ab70dd4734492bc0afceecc68477eb9ae7aead44971badb510b281f21641cfb647d4d54335f5acd89ef2654c65963c0e9f5fad3f66a4ae991cccebef965b7884d6b1fdb13fe79b10481e9ebeb59bf6a1f6c8e136d25b498dcacac14839c771daa386f6cbecca0de5c3cec1955c380a9fe39e6b7a393ced91b4515da2023cce32bcf1cfa739ae77ee6e8bdcacf7f3d847e643189d1172fb5b2471824fe5fad21d663ba8647dd346aa7730f2811c907ea7bfe953dc692de5cd2dbc6f0b2961b4b1f4e87d79cf1ed5cf58437cd74ab73a66d898e5a4663c1e47e5ce71ed447964ae3d5686bb23ac8aacf6f243b3cc0cb1903a0c7d33c8a77d96c26b666922848fb8ccac71191b8e3dba13f85450c96eb3462178cb36d1f7c1008e1863be2a1b8d562be8cbcb6d1ef6882eedfb772ff00b58ef8269abbd8342fc76b14323186085c83c06e49ed9c6689964656778d460e31bb3820f18ff3deb26058a49b7091a255c646e0c49c8c904e3aff005ad38646b58dc4831274690024678e7f3c1a524d015a49a786447d91ec90ff001a9c962064ff009f4a9bed26de601a384c8795da318c8248fd00ab6d2c1770c78f95a1c111bf4240e73f500feb5525b665963112453a2b798554e46d0a73d7a6467f5a77b88924d5ed1d7171108a20324b107a6323db3cfe3515d59e93ab5bb090c3f3a860549c1f94e7f534e4b26be6c4b6a15f66d6914e0e4927d7d0f7f4f7aa7756d716d6aff658cc6cbf300bced007ddc63dc7ff005a9a7d13b3003e15b0b56792346678f19647209e08e7d7907f3a8b5482da3918cd6f30f9be511ee19c738e3b6076aad05cea3143f692b298bab6fcb6de00cf1db241efd6afc73476970d24cd73e5292176ee31f4c03cf739fd6b4bce3bbb8b422b7b1335a3bbc7e540778e4e182823183eb9e71db9eb57218104f0c11da658aafcee777a95c03d49c7a9fa735425d5ede2befb34710fb38322cdfbc0db18ab71f83649239f9fbe292f35ad3fed12bb46127554dcaa47dd508b91eb8391dbeefe031e593e8172d5d6d440b1f9821c9882fde07fbb938c125411c7ad543e6fd952d9a7c385dbba51844e016c0ee4e4e3f0f7aa31f88adae1a2b369e5b19c3798149010007e4cfbe493ec1b15b10dc4ad63721278e3f379f3b686c3313b095c1e18fb0c707d29b8ca3ba0dcccdbe7c4b3491c892195368c71b06f63cf638518fa8aad259cd35b9ba9a3125bef24cf26e0779196dc0804803774e39f715d2c7ad08a4119005cfc9200a0ab8c292782319c9638ed8351c6b711cd1450ddf3e5464fc85b6b3280739e3182b9c74cd3f68d740712ada58dc246903c797f9bcc058b1dd97031db9dff0086d14368cc90c87fd289b72098b716964ce41c9e075c60e3a83dc5476ffdaef7de50bcb77b79991d959db31fca048578c923e520fb9fc7412fae61f29bed2aaeaeb1c9e6100bae5813b49ce4a93fa7a544a4efa14919b6b671dce6dc49e4ab4795909c364f248c9e703774e08e73902aec9a5c96bb7cb5d93845da7232adb89dd9ee0fcdc63b0e29aba84f1cab75a8e9ab32a49b5638720c790a0f1d71c30e9ced19e072e8f5a8354ba73169ac003fbd9f25448e48c120fb81c0eb50e526162bc77d736b7600899636c90db3956deec41ee4950b83ea05315efa69246592dc056255a424b36589c1523b02e3af520f6cd5d9ae912ee4f3a2b88bcbfba3cdce54119da393d33f81ce6abc9ad5b5cc8c90c0cabe5105833124ed185ed8dcf8fc1fa9a6aef6404379ad6b16b6b70424330dacc15148e80671d7d14f381c9f7aab1ea1ad5d413ac16f1960ed80c407c67e62770e0e3d7fbc2b722b5d16fa395c4ea9249264179b00b72c73edc2fb7ccc3b555d434a9f45d2e24b4b912451b66456cefda49603e8723f1354a70dada89dcab36a93db7926ea2827c61898f0be5162cc71c7241e76e39ce7e98b3f89ae67996dede1084eeddf2e577286627d471f9e7b575f0c2fa8c224b80b16f11cc24f2f2b011b0e549f40149e3391ee6afcfa3ac734b3cecb21bbc2ab28db90bc0ebd7bf5e68f6d083f795d872b7aa652d3fed96b6f0cf24297378c1b7c517cc7713c64fb939ebe9e9556f2f34e82692386690154c053c86e319c9e41047033579ae96d2422e2e7cb9bcd50dd0e57827af5fafb77a1962d40432f983c8242111838ea3af6e3729f6e3d2b1beb77b15d2c8ceb6d4a09a44586fb70551228914282c40cf5e33927f0a4fb5590dacd711965cffacf63dff11fa54763e1fd351a674b796199d99155fa2b0424b67b751fe46289ae8436b71243a679f05b22ef11ed0412d8638efd3f0c8ad6d16fdd27522b8d52cf508f689152460c7cb8dced1b49278231c919eb918a4b7934c86e5044540c3291e560ac8300e3f0cf5ef91deb126f11a695969ac5a2963756316f24a120b1c0c607dec75c82718ab96bf12a0b7698476ca6076690c9e593249192496c7fc0589f4c9f4ae9f633b7bab426eafa936a1ad41a6e9a6e6e7528dad01ff56b1e589c7014647f787e9eb5e61ae7c48bebeb716d03fd9e153f79400e7d391d3b74f4a9be2578bdb5678b4f8c4696f6bc9f2c7de7da077e781c7e75e7ecd9c0fc6bdfc1e0e31829cd6ac449e69924ce7de95a4daa00aae1b14aedc815ec089158b30cd595ff005954a3e1aac2b7ef0fa5032d86e6a4f33e5c5560d46fa0a2cac94f0d55c37ad2ab75e295865956fc4549bb8aacac69ccdc5161dc95a42d4864a8775359f7501726cf19a648fc6053775358e5a98ae1bba0f7a6193ad3777ce4fa531482d408b19e00a7a379ac109da839ff00ebd56dfc5490ab48ca8832cd401a91c8f78e2de0188c753fd4d6cdbb47631f95172f8f99ab2a3992c62f223c193f8dff00a558b66ea58e075358cb53a23a1b36ad8404fe35b562b98d588c6ee9583a5e6f9c3938b74ea71f7aba1b76f31b38f97b573c8eb86ba9d568be7490dc4702973b03ed046782071eff0035740b25d858dc40ccdf28e83839e739ff003d6b9bd067782e2291090ca41f97be39c7e95d5c924f6d246d22dc4712cc137ee270c416c75c0041fe75f358ff0076a7a9cf563ef5cad1acb70f70be4a40124cc7bc00c403d0607d3f2a75d58dc5d4d1adab4264452ca4a8f9c1e839cf6ef56d751b69a462d332b6e04163808d8c0c9edc1278f41ef551e3688208a5866591550e548fee85e7b138e7dfeb5e6293b98b895db45bc8ed6490c96e57cd0aadb01c601c8f6ea3f4aa91e9bad5bcc5906ef2d7f84f0d9e838e4ff09fcaad5d5ccd3b4cc309e6484150e0a07dc3803d783ff7c9f5a8ec6395ad56492216ef1868d244271903803d4ed23f956ea52b6a6764f62b4f71a958b06ba499d524695f8246d5c13c8f76c119fd2afdaf89e485458cd6b3481be78a46dd9600315e3b820e7f0a9ffb61d639835c2cabe8c0af19c1c7b82c38f634c92fa1ba6044c646488796236388f903a8e9c123f114af75ef447b6cc9edf4fd2af9637fb22c6723fd5afa3676e73df18cfb8aa9a9e8b70be59c49340e72a3cbddb06070001e9fa524d2369177129945cf9d106ca1dbb18fcd8fa92b9a8478820bc8da4b2925811a3932ac776de180e31e8473ec7f098a9deeb629db6650874ab69f63a34b1c0a73846e3b95c7a0e87f0ab9fd9f74a27633cec369f2c9c8190d9ce7d319ebdc5665fdf9d3ee98c77662566f319579dca76e571f98fc6b7f4bf1658496b2996571098c0f2f2320f3c81f5eff004ae89f3daeb5466adb11c9a2bea533cb148d0c80602ab13862370c7e58fc6b12e20bbb6b83249248d1a94c4ea0e5b7120023fe02718ee7bf35baf335ddb24d6b76d348c0cbb5c6cddb47007a7720ff00b22a96a62ef4d51285b9ba87602046dbda37da58315c7639edfcc54425ad86d686447e2a6d3752589de696e24760d1a81f78ae00fceae43e382b6b1c8d66eec50b79840057a738e9cf6f5c8ac31e368ffb5206365e64b07caaec0332b60ab60e381923e9815a567acea1aa45295b28e4b50de5883201193c281c70067f2aeb952564e51fc484df466c7f6ee98d18fb4887cb93e56f2d8ab2ae070067db1f8835009b469adb745a9dc0742a1be7cab6ddc0641ebeb9f5c5656b9a8476f1ddd9dee9e96e3e6459e3c11b33827dc80131d4d5092e345b16b4b9b489e299910ba213f2e147047af05b1fed0a98524f5571b7dccdb7beb210cb15eadd3ef7de583f965c3ba87c8f52bb4e3b15c9ef505d47a5ccadf6599c5cdb4a59a27704489862ec38c125b0303ae40e73936a6b5f0fde4714b38b90d232a03bba918c90c4f752393fdd27d6b5f47b8d1b4393cd55844b192e24c6fd8cfb0ed527951f2b1ea482181ae973515749dc8df7312d4e9da1dac92c903c2ca5648d1b2d2ae368217238dd9cee3dba1e99dfb3d5b416597cb9a58e47ded017932000dc2647a82073dc9e9d91ac7c3f2c32bc404f034ca248402151f2c047d32415e47fbb8fa49673685a308a389639a2173941bf0a18042793c1ced5c641c71ebcf3cdaa8badc7b1a5a6f8934f93cafb5dc398590a1dc59470cf96ce324938f4c6df7a923d53ecf671a412c66dd1238d0b45e596dec78dd8e846dfcb9e82b1af2fb4df396dede28a468d5a44f2d4f0a09cb0dbc678c118e9dea1d4bc442d6e64d2d3cb2239044984276859079642e38c043db3ce2b0f63ccee915cc4abad1b39229ee963b810baa958f008fba076e724f23dab1eeb509352b9506d1bcb8b31ba400ee270430c924fb8ff0039d7d1fc450c4612d6e6582312ec675c1f3555a4e4e3a67d7d7dea68ee0c52433348d6e6ea252b23aeff003158364e3b755500ff00741f535b2b41ec4fccbb6b71a969b299ee622814b2cd180a362041f3671c0ccbd063b1e95d15ac82e3cc6cbc4595d662ad946604be38e3a4678ec47d0570ebad5c2492cb1ddc921fb3158a39befa26d44527df2ad9f66c8e9576e357d4b4d31c56b89622cb1b06073b9770ebff000265039e87ae39e69d2949e86919245df106a935a79d6b101a949286dfbe339da0fca4b76cedddff00eae7936b7d5750925925b0645cc9182b958dc292cc00edcf4fa015b51ea7a9f996774b0968ee43a344b200ec0302ac4907ab1073ff00d7a65c6b9ac2b5bdb09213e593986418c294c86e9c6140ea7391cf5ade9c65056491327cda97614d4f4729796d6524c7e689e278884ddb5c9e01c9002f7c673c66b1fced6eedad97c896242ae448d9c6d0a8d8e7a1c73ef907a55c8f5ad52de6916593f732333aee4243a955608072776dc0cf72a477ad0bab8d46f2e6de1fb547750cb285669108919360463f2e7fb83f1f6145b95ea9068cada469fadd969ad3b4ccf3cccb09b6dbd54b104e471c646476cf6eb5a7a66a9ac5e496b6efe7795e7b2e319c02c000477e76f7e37541622e1e146b8b8987ca8c2668c949118654ff00b077141f80a9a7d4fccf3ee16f361452fb4824c8c49279f52163ebdc1f5e79e5ef37748a5a159edeff00c4935acb6b756d199b84493e5c316ea73dc92df875ed4f85b5fd26496c2e64842344d0c32f9818b3142eaf83f48cff00df03a9cd616a97b7369712430b24ad2c8f1ca109c90b831b03fdd24e7f1f7a8f4fbed596eed3f7be63ac8d0ed940e245e0107d328791c804fad747b37cb6d2c42923a18d3c47ad4176d2246482427964676ee05982839e3ae3e9e94f3a5eafa4c6c3cc83cd7410cfe5b652423e7017d0b01b79feef4f9ab034d93c9bab6bd6bb9362160d1a36402d19e428fbd9017af435a56d7971631c57c6392553e67eefccc842154100e31f7a45c7fba7af15128bd95ac5a6883c65a3cdac5acbe4471dbcd348164914e5d864313f4dc7bf5247a2e39dd4b40b3f07e957b7c9ba4983948a61211b5cf1b40f63920f5da3deba2b5f1669f31692ead85b3dcafeea4ceddbb571cf6208e38ea08f6ae0be296bd1dfcd670c0e814c7e64891e70396080f3cb005b9f423938aefc246a4a4a97425d9ea79f5d4c6495989c9c9cd54a73b7cc6999c57d5102e78c519e78a6eefe74e1d681922718a915be6a897ad38714c65856a5dd9350d2eea4327069f1b66ababf18a915b9cd032c862b4d66a8d64ce69bba8026ddf2e2915b34c2df2f146ec53024dd4c66a613ef484d201371dc7d314d56e0f346ef98d479f94f3de80240c780064d5d8e6fb24784ff005cc3e66feefb7d6b3d4f3c54abfad005a8e6dbc9e7eb5a5650c9a849f31f2e01f78fad66db421b0d29db18fd6b6ac67136d551b235e00ace46b0d773a1b79142a24636c6bc62b5ad5c46a5d8e36f7ac6b560075e6b434d61a8cd9ff97688f3fedb7a57233d089d1c330b6b14964f978cb7d315d74325bdbd9c51a4f39b724b7ccdc30c64fd083d6bce3c51a90b7b3922cfdd80b37fc08841fa9ae9b4bfb45c697a7de988b40143170738cae4b1f4e5715e3e3e9f3463339ab3d7435e492daf18a999ad8a85d9f3052c17039cf43ce78f7fad4d1d9db45e546d72ac650b88c03b76e77820f4c80178fad62dff00d9add5249c048ca9d8cd863b891b871ce339fc854bc5e584a815a79602d247853b77161b88f60a08c5793c8acac72733352e345b658dad24b963346fbfcd8c60ca49519ce3d863fe05dea9adb2dbc2b0acd70b3332b2a9c93232b9dbfeee41c9f6aca9acefed6066632b5a024c6ebdb0031edc01efd3ad59d2f5e9afae904cab0c6ceca0cc7019705437b118c7d6af91a5bdc57d47dedf58c88fbefeea12fbe470501048270077e847eb51d95de9d6d334316a3bdb615ddb48c8c60739c77a68b38ee66b8fb542d2c1e661fcac13b83374f5ced614c92c6cd9a6823845c2c11ec8db6e0ca78e5813c703031e99ee6af9636b0aecbb249a5dcadca5c4ce642cacf86efce4039e982dff007d512786ec6e265f22796691b3b9a339e02fa742471f5c561dd471c4925bf9012e1724b282410064b1f41c91c761f4a92c56e174f26c23f205bac92332b82cf81f29c71d8283df8a7cad7c2c9bf72e45e1db5bc6f2e59e68ca951b58021c291c640e33d7dfa565de78070bf6bb4b9cc3b14985c904b648238e8460647fb55a1a7dc6a1246af24989042aec11460bee29c0ee71fc8fa5323f105fd9c7223b89206747923c0ce406c6481d480ff97b56917523f0b1e9d5162c4dd69768a8ef1cb1b109b9a4cedc06e464671f30cafaa8e2a78599ec63b94d4952e9d8335a863b782c4a903dd131db9f6a4d4b57d2b52b6680a488204c167207cd86048ee36878cffc009acd8749b29279a5d22eba36f8a573b4c4a5b3b48cfa1ea79c9a8514f592b0f6d8d8ba68afa4786e045e636c73e42f0df3f980647ddc7ca71fe156ac6f2e34df3187d92482365914b6d031c9c64f5e369e3e95876ec9a7c72159331a207f99f0ca47400639dc720fa60fb5497dad8b9d9110ad1c057ca4b8c0c382571d063839ee3dea1c79bdde817b6a6cea021d59e48ae2c5a39c0632b26595738c1500f4e3f3acebbf08e96d2489b2e0655b1b1beeb65724e4fa7e1cd5186e9feda8222e0ccaa9e5cafb8e580c1e39201ddd31dba7357ed35668d8032b1109cc8b27cc19307a77fe141fe78129d3d22c347b9c7dc5c24f6b75699548604f32253ce3e46dc541ff00657279c649aab0eaf67730c897f16633080bfbd23a6181e9d4fcdd8f3d7b11dedb4caf6f25d1b0b39a3793718815d8cb9dc431270328806781b987b011dae9b6b71637e8b159cf1a857e8847312ec5218120ee0339f57f4adfdba4b542e5b985a3ebd1e944c1259b9f2ca05b800649504862bd71b4bb03db6e7f84e72ee356b36d3ada4887fa4db03192b9daff00337ef4fb6d18fc2bbbb564d51665b75834f89401e505dcaec119781ce72a79f50ec2aa5c597f62dccef1fd8d67511448b0e36bc6a646dd81d07de047ab0ea3ae71ab1e6db50699cfe937d63a84275492ca08a4f2e4490479f2db7aaa038c8c1c86cf4ce73ce466d49ac695f689a3d592dde6bab92b9f302221c86ceee011939fa1f7abb7ba8496168f0b590368d0e422460208f19da31ecca39eb91f8cf36aceba5c97377a4c7771175803caa0e4fdfc83d467738071fddee0115bbbdbf10e848d7d617de1f9229f4d6b7904b25e298f904a392ec483f7555d78e9f779aabac6937b7168ef670cd72b0c6fe5160a79017e623a92022e4632467d4e7406ad751da34b6ecab048cc8e8c4290a537657b82498c7d464e7b68e9b71717177316919e6f39dd59b217258a305f7c05c9e7ad73f34a0ee8ad1ee7191e9f32dd231b5db15c6e8d55e227076248540ed9c71ee08e33562e3cf9a68a2fb198c0b44742a400e9bb7ab96c8e77238cf60f5d25c5cddadbb2db7953899482cacd85954b2285cf195568db1fed9c71c54b797d347a3ef8a3f390db095c094e238c962f8e3a10846df70467ad0eb3d340e5b99bfd8ba8b344111995165993209da773600e0746539edc0f5a354f0cddeb0ad2c36574f198bcb8e22f82ac1d80041ea7800907f847a1a92df58b8b7914df4d34724cb32c7b998049325181cf1c9ddf423f2b3ae6bd6b0ed64054491c86238627e621e33d70092edc1ec4f7159f3d452560b2b1ca0d0e768678218ee2558f66d79240a15997f764fb9248fc3db8e82c7c3faa47369d7a6e61b59249627f31432e149732020f006d953e99aced7f5cb389fca5b492d6386657458ddb24a12bb5f3d8e5bd7918e05167752b37d9a09a4792489b647365c48c1b6608cf400ae7bf2481f28ae9973ca37d85a5ec69431ea5a1da189a5662c046c7ccc1003303838e07ca474e4b1f4aa975a6dbdbc3e7cd15d6e965473194daae0a939057be047f99f6cebe9fad5dea3b6e716d2ca1997cb6ca965757c91dc9057e83cc0c3da2b5f124375a5c31cade542efe5c571c9284823696ec5705be8c06700573a725ad8a7639efb05a8492095ee047e4078c6ccb00157907fbaa4003fdc39ad5b3d3eddaf2392e1998c92c909862f972df7d429ce3a8619ef8f5ad08218e78e731c6619c0637055810bb831e87f83631f6217fd9ab57d662e2ead256db0af9df3da98ce1c1977630381b4b0e78eff42dd6be82e5ea67491c16ea85245899218da2f354282554ed57e3ef280493dc327f76ac4f0ac90ddc0d7491a2af3d87c8ebb8edea07084e7d3e959b335e34c2f248211791c79933200af1bc7b72c7b9ebd33d47722a48ede56d3b521349e75e5b953b049d763618ee2b9184da791c923d2972bb5ee3455bfd0f49bcbeb492768a5b38d12230f3b422a0f9f20648e14fbeff004af08f144c1b5abd54c044959142f4001c71edc57beeaccba6e9f7fad348ae2dd64955180ddc28c01ce07cc179f7e9cd7cd970dba4eb9f7afa1cb137ccefb684488643de99ba95b9e6a335ee887a9cf7a7c7512fdea7c7f7b8a064d4520fd696801e1a9775307d294e7b5031fbaa453b5702a15238a566a02e4cadc1ef42f5a8d5be5a7ae3ad00499a2a3ddcf06814c2e3f75358f5a4cfe34dcd2013349fe345201f3503245f9718eb4f571f535128ddd2a58c853d3340172de33310d2361470335ad05c2c6bf78227ad61f9eed81d17d056858e9e6e30f31db10e71eb5948d63e46cd9f99abb6c8cb4368bf7e53d5bd857570c90d8dae788a08d7f215856b222c6a07c912fe038ef4b1b1f12dd084318f4c80832c9d37d733f7bd0ed8fbabccadad5cbcba4acd21c4da84c0aa7a46bffd723f2af50d17c490697e1db1b09b79586dcb3820105ce4aafb0c01fad796f9c7c47e2012463fd1a1023881e8147f926bdb74cb7b5d43468165b3499f7790591406400aa863923b0ebd0639eb5e6e60e31a71e65d4e6926eed113ea767a81890c588248c3f98e368270188fc08fcc1aaf742db4b9b5058a06959e3d89e5107f79bd486fc416e7e9562f12d6dd0b5ddb5c448b0868a25f9501568d48e9df120e3fbd5423fb269b25bb79d20b678f90c37322f049c13ce41391fe35e1c527b1cec6c57d6f752798a59c166419236310a0f3fe27ad687f64e9b79e68499ed236658e21c1c30ecc0f43b9507bfe79c69ed56185636dc8e013032b7cbb76e718c73f75ff00203d6a412c8d1c7736cf8da823923917fe0408c7a141cf519ad5c34f7590bccd5bef0dc3716e97705cc8aaeee1770c9192319e9d09ebfa525b58dd46a6f25b80ed233c61dc6e55665001e87aab01c7b55a5beb8bdd23cc2df3ec58a4812304952c130bd72010d8c7fb5e828323d84eb094173681c6d55002b158c6d73eebb97b0fb9cd72734b666bcaba0d82c6dfc99ff74b0c9246fbd64c80508da7f00d918cfde51eb58bad58dbd8eab218a60d687e745dd9e73b5891d172474ce062ba1bfb5f3adbcc4f2c4096e562e7ee82c1b86c7cd8ce31fe159577e56acb05ede46a374dd23036b6002030c8fbc41c9f63f4aba75351496851b5b3b7bcbc7c5d3a3471927690a0900fca0773bd8f1e993d6af368b6b7cf1ba8585610b8900f95db9600fd413e950df6973dbc8884b4779f6b3108d5415c0c90377af03007a35666f78635decf048e7cb2ac0020af18da3e857db8cf735d1f17c2ccf6dcd79b4fb690cf34d6f183e4bfee27c7cc0a8181d39c3641ea718158f6e2c6cecd960b262258d026f1876c752c33dd7a7b8a4961b9b7861b996e619f0371dfca9e0af03b370c3f0cf1de87f6d3ccb6ca626555548d97692bc1dc71e98c8fcab4841dad713674da5d869f716d244515172096607781818e73cf2589ff007b3cf5a9758d02086d239e358ee1c4c4b6d0400501f9bfdd201fd2b12c75f3e5a472bb1dcc76db2ae4b020804303c91b791feed6e4f7092482309e65ac4f8f3f66c2e49665e39dde87ae31f8d6128ce1229598d6be10c32158d525017f78cbb02e11718607f8707f000e6989f66592ddae59163476292ba705b6b90a48e7962c33db15763d427babcc49fbd8db188b03649972029031c038e3dea8dd6a4b0ffa4cb688d086539961dc19c95f976e3e5e3393d3191d4d66b72b439bb1d69b528e08acedad96de69d60861939f33705f97dcab15c9ce79390722b4b49d47526b8d523682149218dd621900dc485f681c0e486f2c6e3d33ce474e0ef6f2fad6da089ad4c36c92c7770460960f23283f2919c36de7f023d05743a3d95edc4971732dc8692395a458c86532a074732ab6303729ddf91c57a5528a8ab91191dc4736a31abdccd2ab584d2bb99e24c3006460700824646de9d32a0f5aaf31fb45c08f5010b85b8900b9802a939395db91d4348e73d3207b525be96ebab49224524a2608ad691296f91d146e073c06c92c3b6c04704622bbfeccd72da691669ed5e62b15b79a8c5242eff3803fbf972a7d303ad79ab491a8dba0c669e096dd5a675c3c7b87ccbb4c63683cee6670b8ecc0d5437cdaad9ac6f74c96f2aaa2b46189d81df73a2f6dac5b23a61463246058b1b38d45d0bc76b8374a6e3e5036c42632c671918dbb806190460a9c679130d0f4ab7b5b7b6db71bfcc58e4f388530b6172bc92304e738ff006fa569cd18ee459953c9920f2e0b9b49dc43611fdedd2617ce0557820152c0738cfca6a84d6c82192fbceb88a76759658c33677051271c0c109cf0475cf4abcda535f79d3477722ada95b7115c9d9203c6064f75099e7a8cf7cd64ead60d2c31cb6170e239493b6ee4c93b9511718e9947527d0a7a56906a4f725dce9f4cb192d552ddf7caf25d33797331d8f8001d85470413b79c70e0f6c55e9a0796e61b3b69cc904a0ffad3b77c2871c60f04024f73c91fc26bcf9aeaeee2ca4442f398c9564e158c7b59d4638ce4707b9da0738c56878635ebab785ae279b647333011ab1da801058608edb830eb823dc6227425f121a97434a5b79a4b1b8f39d7cb56675594aef8c6c69948c1fef654fbedf5a96f6ce6d36cd6e5639219659a22d148d931150b8391d0301839e8491f4d6df637d6ff00d9c93bdb4ad32b2cacc59883160b6fc9f4ce0700371d0d695d59586b9a9a3dab2cd34d1acb019094cb2431a6cc607dd2ae48e03156e9920e3ed1a7a97ca70f992e2dafec6e21f3a3b509227ef39665c2360e016c85e98c7231c8ad0d2639ade37d4ad1230d636ad712f9adc4aacaa54afbb21553ee4d5ff105b25c5e7990ca085406de4443b7ca605b663ef60e597aff000af5dd8a44d4e2d26499b50b48859df4d8982ae158a2ac8f8c9f97712cbd7aa9e98adb9dca3eea1592663da4b25c2cd756eb2b66ee4459646dc42cbe5a739feee5faf607dea28ed592ee18a29a3749dd64f26420821f7eee00c67127dd193ce7b0ad0ff849acac6ea78d956579eea3b97563b566c10483fdc50c5c7fc04f6eb97a0eaeb26a0fe4dd2c771227efa3b8f9409b790c17d32a0a8c63ef7d0d6894b57633d342d35fcba6e9b77671ea3247752411b410cae651b77ab26dce41054918c9184ef56a18deea0bdbad3351650847971a82df2075076e7ae07cc01f41f8598bc1e2de38ee64093cea6448f6cdbbcb6209f97af2d82e3838208e9d75ececf4fb282e202b0896413c4a083b518aba6428e41c1041e4738c01d39e5522be1dcd545bdce6f52b16863d42591a4b7967291c6919caaabc881180f4c46cdb7d131e954e1b3d424b430b5c279d705fe658880cc818ba86e080760519ea54f406b6bc51fe99a41b64688c905db18a3ddb4820b831920f4cc6b8f42cc470735cdebde22b87d4ac20f3228e3667864284328e871cf5380809c01803fbc6b7a5cd356339593b94fe23ea51597852ea249a411b6d8ad239170cf1c9249231232402b82b91c7cbee2bc4646cb7e15d7fc4ed7a1d5b5b860b540905a40232c093e639f999bd89c8cfb86f5ae35beee6bea3054bd952d777a93bb194d6a77b77a69fd6bb8a111be6a914e1aa35387a93eed004a297a75a68a506988751499a5cd218e1edc52739f7a4c8a69a009d7eed3bb546a7a0a7530168ddd69bba977520173499a3229bcd031d4807e54b4aa3b5031554f6a9514f41d6855c7152c6c57a0e7d68196adedd2150f2e33d42d5d5bc18dcdc01d14566ee66e58e4d5ad3ec8de5c2a13b57ab1f6ac9a355d9176dd67d6a6585331c03ef11fd6b4756be48625d1f4efb9d2575fe239e9fa7344923c718b4b24d808f9a51d7f0a96c2c62b16809192cc06e23d6b16d1d0a2f635340d3574fb75271bcf27d6bd0f4ebc6934f6b6fb50b440373cd26553690415c8fba49c60f4e99f51c4cade5b04c807bd765e14f26fada7b696558fcc84ba6e5560cc80b05e78e46efc715e5e3173526d9a548fb9646a36a52dbde4515e0fb45b28320dca7214223367dcee23f03566d750d37c42d0caeb23dd5aba2ee80646c40c84e31c8dbb09c8feb599f6c31b2acd2c6d2a2a49163f8977924118c7dd3d39e47d6a6d0a3b4b4b482601e5964491c4d9e8bb72ff8e1f6e3bededd6be71c5475ea70f5b12c9e1f8e4b765699d19626309918e23539e727ef1e1b8ea081eb59d63e1dbf31b992d62fb1c44c8db9c2314e0e0fb36475f5ad88e49e1b42a565b66b88b623ee39651f36ef70ac1589e9f95451ebcb1decf771c96d044fe546f14d9037b295c0fee81b075fee934b9ea59a5a8acb42b99aeb43bab9b578e57855da7658c659155f7027048e91faf39cd3175159ae2e2dada10d2cf27eee4c641909677393c1206063dc7d0e8b78c233a7649f284d0bc72accc498f2ca42a8fe207014fb6ef634963aa5a5bba89e026584c9b5ad900e63ddca8c75db8033ed4b5de511fa32a5af8923bbd263b16858213b626049601b2cc413c606dc9ebf789fa2697730fd8e4488b25bc90e19a40172aefc315f55cf5ff62ad7f69dad9430d8245e5dbb339557236c1b906d7463d065dc11ec7b8a966616e24b36112de5a858c6e1ce4c6c429519c1465c71c106a5dba21ebdc956e90cda88ba82686ee20d3968882a81b032a7271cbab67b60e3ad604fa5d96b167082cd82f925b83f786e62ddbafd78f6ad8bcb87bad3c8b76918366da748c6379dcdf29c019049278ff669d6725a59ada5d1659a160ad305619181f2fb80416aa8c9c7513f7b46735a868b736d616e82de34b68a23279c460c8809ca927ab1fde103f0f6aa8b74b342b04964ea526014c3190547cbb8f1d720281fee71ce6b75a3b7bcb3bcb16bb69902a2c1b67cfcfb738c60e58919ebd5bd3a5b68ec6c2658eede4548c3c7e5c2d9585390a403d480fd3be0f3cf1d6ab3b6a88e5479adf6ad15ab8fdda4b3452e515720139249fe5c7bd58d5fc55f6386468e36920908788be7747907838c608cb0fd6b5f56f04adc4d71a86f5048016351c6ec64eec8ce76b292067afe355ac7c1525c68b7d296dcb0dc60165c2b6dddb011d4122467c7b577467465152663cad3d0ab67e289b55d49232ed2c8d6ec5e4850ac8783b0b678c8079c75e0fdead0d33c75752317997ed8446c24971b77288f6939f55183f8d4f0e8f71a7db58cb68eb66d14d25bc732b659b6e46fcfb2b818ec48a6e97a6cb69aa25c3cb199ef98a31c6e4cc8029230382acd1e3182327b5613f652be852b915ae9b7dbdac186fbb904902879363fc841073c614e08c9fef1fee815259e9179a6dc4c775c1820b986384cb8627e67600301eb1e3a7f0fa135626d6ef3edd67651a48de6a373e5b139da7746c3b00e918393d0e780081ad71e21d46e2c6000a430bdb89d18f2a2568fcd00b1ef8565cfa601e4e2a253a9b34b52ec8c687ed90b79be73bbcb2bac12a86646e086dd9c9c02db47aaf4ce6a1d6efeeb52d3a6818160ae6ed994e5f214b1657ce4e01719031ce4e0e6b266f1645bb60119b18e1dc88ecc98f323c14031905493d3a81deb5ffe12ad3eea490451c2cea64891a66c6e8d831e48070dfbce3232d9ea36d3e5946cf949d36b90f88164d3e097509248fcc69c148d53f76a924937cb8e980caf83ebe9915a1a4eb9abdedb413a5bc415a078669a688c88cc4227985cf072aea3df2c7b545ad6b915dcd6fa598a26219618fcc8b6f9f872719078059a4efc11c63b6bf877c656525f2c96a16dfcfdf2c91aa8f2c2b4808600f1b515029e3f85b1c0c1ce57e4d63705f16e606a5fda37961692ce1d238dfc89c321dc7cb859ba1eafb4cabea76e0138e23f13d85db5d4974d0485224db20e3390c151d70dc92a140c0c719279adabe8ae34db1b948116f6cdee21b89049b49f3332440fb8120c63d54fad5b3ad5cddf8abfb2a2461770cbe64920408ae91228540076f971c75da0fd5c66d34e286d773cd6ec6a1696ec2306789532a523f9a3c900a71eeed8fa9231934c6b3be9e3b36490ac37938b7f3c962b0ca02f2c39caed9141f5dad8fba45753a878aa23666386326e65441e7448a0b859012339e5b2a8073c01ea48a8f4abcfed4b7d2eda29fec5691dbc3b19a50409b7bb89080d804177524e31c648aed5524a376ac472897565a8e9fad2dd6f816d9d710481c910c65158a96c11b41768c30ce40e7815a561aa5ed9de5b4cd0e26c89d2dd5bcc4da77e57f16693a7507a138aa9a89bfd274d5b7bbb67b383c976837c8aa5986fc60ff7727073d391d724e647aa5e59c76667430cb34655d59b718d4b31490e3b02327fddc9eb5cbcbed17434f859bfa95c6a1aa7fc4d963fb64e9c6523e3cb2e420ee4f0719c678f5ac4f1269faa6a1aecd1410c9a8dccd73243032b82012c5b0b93c65909ebd0e7a726ed9eb17768fa3c677bdacc16732dbcc032f0cee8cdced623380792381c9357741f12c5670e8963768cecfb6591dd7271208d99815ebf29dc39c8c9f51971e6a7aa5727e2dcc2d0fc3da86b16170d7a90078216311c1f34ee4624020e3800104f4dd9f5ab9a25beaa9a84ebe54720499fcd85c7ca583b170091c02c08e0f739c60d741e18912f06a92a334ed32423e570c0b346be6b0e99ff005e40f4cf3d2a5b7be17d6575f648cfdbbcf30799bb0c558132484766f3030c0ff9eb8e7bc4ebcaf2561a8ecc9ada19e7f364b9b98d34a36ec23b908fb8b031b9764e0e47944f009049e31815343e55e59159aea337ca0431c8a06090a858b3100e4a85c16fef8cf538d79ed4426176bc495e11b8640753bbe6c051ff000338c76ac6bff0bb49a0d8cade617f3849f684f999dcb0503d7805b9eff2fe1e7a9a93d5d8d6ccf39f137f68595aa5c4a5540b821a2c1258955605c1e39cff00e3a7818acf8e0bfd5d6da28c0b97937c9b121c1667c1033c7de2c06493cc640e86bd5fc410416f630482dc992e1fed135a84cf088432e01c8014337a0c301d6b93b4fdce951ea87ccb38c860af8250b23060cbeca03b1c700019c66bd8a35d38dd2d4c650b33c1b545923d52e965e651230739cfcd939fd6a5b4d0f51bf843db69f7571191c34503303f88152adf41278916faee1335b9bbf3e587a965dfb997df8af6b83e2169ba85baba5c2191b8f9b0a47b63b57d57372a5737a34954bddd8c0f0b69b610f872ded6e74dfb34f8ccff006a80abb3f7c961c8f4f6a5d4be1fe8d7f19f2a158a56e8d01db8fc0707f2aefac2eade7b756054eee7ad477b61664f9bb5627ebba3e09fae3afe359735fa9eaf246ca363c2fc45f0f6f745064889b98bb7186ae61d4af0c0a91d41af74d4f5c4b79becf729be36e118ff002af27f194718d61de25da8ebdba6456b195f43cfad47935462ad2d463f4a76ead0e41d4bda9bba96800a28a281122d389cd46b4b4c076ea375369579a402ab52fdefa520e29dfc3e940c33daa68c7cb9a8957e615a167632ddc8238a2799cff046a58fe4295ca5a912aeee4d4aab5d059f80f5fbb00a69370a3fe9a288ff00f4222b62d7e12ebf3637430c39fefca0ff00206a1c92ea6d1a727b238c54cf0056a69d0bc6c0a93935dc58fc17d55d806b8b54cf5c163fd2bbff000d7ecd3a8ea5b0b6b16b006e062067fea2b96a578415db3b68e16a4de88f25b688ab038e696ee265547c1f93e6c1f6e6be9ed37f631d4ef23061f1259b487a092d59474f50c7f956effc302f88ef2d888bc41a5b1dbc6e49579ffbe4d79af1d453dcf4fea556daa3e5cd494ade16c7bf357b4f99cd9dc088857dbc1e9fc81aeffe317c03f177c2db7375abe9e05a72a97901f32162074dc3a1e3a360d792787f58bb9b505b55b64944a1b3b41ca80092dce41000cf4ed571a90ab06e2f439b114654b49753b1f0ac86da3b1f319244525846a4336d2ae0fca327890f4e33b457590dc5ae9f24d048804312130c3e6ed568d96425727180de66d1cf6e3922bce6fa1bbf0e6a10dc3c125b5e5baf9ced201b796665207b00bf5c1356fedde658c1285fb4412baa993ef152910c02dea77918f58f3d2bc8ad47da7bd17a33c3bb89e876da6c7a84774656dc2306dc7ce4128c4e4afa1ce47bee3d7b62eb1a6ac1a85d4619561bc55590327dd00fca7fdac7de1c672a393d4d6f0ff8ca24689cbfdb3f73f677b7d8c7cd66653850070dc30cf6fc6ac5cf8a9b50b5b79e750f73b4cea9030432ee653228e782a10631dc1f5ae08c2a5396c5fbb24656b91ad8ded8a3c1fe8b087db6efd598cee067079207cdc60654fa52ea167f61d7a7389ed65249468b730597cc18c9fe2e198fd319e6baad4acedb52d07ed6c8f713c571107dc40e6784b7ca31c0eb8ff7c1e6aef87352d35adefdb51808bcb5bcf324dff28565446620fbf2a40ec14d375bddbb5b0d475b185aa42f716b66a2e3c89a5591882bb7714276f1fc3bd913dbe6c551b56b8b56df6f22dc5e5c44b31791882c016524649c062c07e06ba6bcd1ad8585cb5b41259c1a6893cb91892f2ae5cac6a7240c12a3763393c715831add697a9318235bbb6b71f6492165036a852e508c8cfccac072795c1a9a72e656092b18b7daeea5e5aa89e44919566d81bf8a35006ec670739c7a8519eb524fafb49a3dff00da74f132b35aac73449b164c0ca609e4029d8007e95623b9823bf3a84b6723e9f72198610fca140638ec00273c8c739ed56a2bcd1f53b58ede59fc8b979becf148c080ac1010c003d8bafd07033cd75371497ba656bf52a58c300b1599bf78d248b1b6ec8dad98c9dc39c0f9800df51db1547c4d0a7d9d638ae1da289d8c8cc77c885b73f39ebf39519ff1357b56d0e451771195d92d0794110e19c3e5c9c671b719cfb7bd73ebf6ed4afb6436a63966f9e1667f90a0628411d370233ef83d78aba7ef3e64c4f6b589f5ed4afe4d36e65b7c3c42558fc88c7dc768b049e7181bc0cf6f307bd51b1d79ad6f2ee3b8b85b8b593638ce42ee018745ef90403ed9ac55bf064025b8f2a6f324c6173bf71c12477c8c81ff00d7abb6568d2abc02ce47db99e0de31fbbc9e73b79c2e7d38538ed9ee54a318d998ddb7a1d943a97da2e2c6190eeb5904928597eeabedda1d7b72fb3fef94f5ad2d3e38aef548a484c33c722c772f6ea7842e1085c7f172db7d47d6b8bd494e876f7764adbae24b7b59967c3068d5b6306e3be597232460f4c8e3ac8aea5bcd1edeed6da38b5349d7cd4019640bf3048d723850e1c9c1f4f415c35a3caaf1ea6cb72fe9fa8457d6d6d76b8995d66b9db924e77319508e982b21ce3ae40ef59d69242f35bdabdd6eb25f2544922e5e3fbac323f894ae53e9ee4e34ade29fc3b35959dbb2d8983ed1713cec015728381b7a6d0dcede878ea06473f696e7fb4ac63f27c982fadda056dcc63899657c819e305e36001ece7bd7346376df42df435fc65e071268d328b6896dd6eb63723ccb6230e19403d18caca7ef64018c616b0b52f06cf6363a648aade6dc4405c2edceec49b77328e4820370dcae07726b4edef1ed34bbdbdbcbc9093770d9432bee263420c837ae4920b07e3d430ce3835e1bed46db56974dbb9258a56410c05836704842849e48284f3ce0919c0c9ad29caac572def613b3651b8b37b55d2e48225963b6ba332c25c799020db0ab03c024b04620f524118c1356acf45926bbcdb223982d843349e57ee8c6d2390c00eb9f3474eb923ae0d686929fdb1a3dec7318bcdf2a68f975db212b94914f5518cb63a7c840e4e16bd8e9face8be375b282e4490c71acd34dc01d38523fe02839eecbeb54e6e49abea85cab424d123bad4bcc8a6b632a48b88ee6dc9d923348a776e04e0e2577e476cf6e5b1e9f7b6b0ea57c6241a844e16e23524f987cc74922048192363743fc2dcf35aeeb74a191119225b392e542a14c866d9bf763e6dac8aa793c15c0cf4c3be1a826ab244eeb17daae5d982363cd66de9b3b7cc77f4e38739ac93726eda0ec9228de69779693436d2472467118b691c10acea4310857a11d7a600eb9cd69c7a6dcdc5c4567a8dbbadaf952c7f683b4bbb3ed47da73d98cc793fc07d85683dc49a8476f64d7d1de587daa65b263f23070779e40f94b06008c725b9e86ac691ac4bab4d3ce96ff00e902ead4790eb95df2223487d096264200e7939e314e55256d8718a28dd79c8c9a4df2f98150c5296ddb4421b790d8ced39693827702d8e31581af5a8d5b5ebd9637b67b6f39255777255159b6e46d0380a47e01463802baed72d6499afe086f64bc78b7ea0b2ac6024880a8ec300e1598f73b703a9ae45ae2c64b7864338164ee6d846e9b444fb7049e8541320f7523772462b5c3f7429be836d5aedb47b468e048e39da28c35bb3973c854caeeda5fe43db9247af3a1a2de0bc87c992cad91e1b896d64693688d0246e8a8578cb28738c7f73dab0752b1d42cef1ec0db6dd416e02f9783b4ba9dc3a1c60ef3803a060456df846c6592f921b98d62b7cc32bc4d190b233004966c6412a4ee3d4e09ed5bd4b28393215ef624d0ecd66d7b10868e59a78966708bbd247de7cf0abfc38d871eebc739ad3d1eeadbcc7176b1d8dc191259a68dcb2a2c6dea3abb3c29c8ebb87ae6a0bcbcb8d374e8dfecef6b7b1db087ed1322e61f2a6dee011fc59455cfa13eb55b4b8656b3d55e5756b4b5b49661b2304492c5300ad8c648d883a7519f5ae597bfa9a7c3636ac7c86f3ec3579c4ab26d31dc47f3794c57f84a82080b216cff00d332074398347d6af6c60b5d2eea54f3da5927333e1118f96c0a81d80f30e07fb22b32df529ae74d875268e385f5095fc9b68233e54926e5dd90704727040e09c95c0200bfa4c91dcdd5b89e1595aeadf0b32e5957019429f72b19518c124823ae6b1942c9f321df53a4b3bc58fc3b25f6a312f9d32811c2fb4b46c5654919875c9546033f78b633c1af2af89daf269fe18834b589ade68234b5861fbab1c6cbbddd46392e3603ec40ec2bd2f5efb269f36e8035ca4134b0b4ea5570c89cc9d7070571eec73ef5e4ff00103c29e20f176b8d169fa7c97305a2a23ca5d513cc68d09037301c2ec5c2f036fad75e5d4d54aeafb2d472bbd1177c21e0ff000b5c786ed4cf6b05dc9246b24b3b1cbb3119201fe1039181e9cf35726f847e19d52063041369e7a2bc1333f3ee1f77f4ae5b47f85be34d272d0c96b6809c98e59f7293f4506bb1b3b8d5f46b444d46d95244eaf6ec5e33cf5cf51f8d7d84a4e3bec77538c26ace36398bcf869e24f0ea93a2ea71ea36abc88253e53fd00276ff00e3c29be1fd76eef1a5b5bf5682f217db243202197b838f422bae5f121b82114e33ed59be21d15b508e3bdb721351806149e04899c943f8f20f63ec4d6529291d71a6e9abc5fc8cff001158acf62c7ab8e56bcd3c44a26b7594755af534b81a869eac570cc30411820f715e79e22d3cda4b2c6df71f9069d37a98622375738ca334d61b4907a8a39aeb3c81e1a9d9ef5167de9cbd68025fd693a7b5206a5fa5324751483d68a421dfca969a29cb9a005fba69ebf76929545059bbe0bd1d35ef11d9da4a0f9258bc801c7ca0138fc4e07e35f49e8ba4da6936ab15adb456f181f763403f957877c1cb369bc5324846563b763f89651fcb35efb00660154572d47ad8f4f0d04e372638a728cfb52b5a9da583647d6ab6fdbc6ec572c8f561036b4db732483033ed5ea5e135d8105729f0dfc5d616769369daa5ac779017de8241d33d707a839039aeb34fd4b4fb66b89d14dbdbc64045ddbb92718c9f6cf5f4af22bc9c9f2d8f76851e5573da7c25f305cfd2bd8b438435bafd2bc77c02eb7f6b15d4596b72db377419c6715ed7a1a816e0d78d6f7acc2bde28f39fda72c6093e03f8dc4f1a48ada6c8aa1c0c0738543cfa3153f857e75687e1587c236f32c9087ba930ef3b29c1d922b0556e303ee9f73d7b0afd09fdad350fb37c1dbeb412ac2750bab7b5dcdd000fe6b67db6c4d9f615f0869af22c50472cac8cd0cab71e7365490015cfb92aa01cfa9aae7708b8ad99f3b8c9395a2545d16d75bb3bf84c620bab868cc13ca84ab021c6189e8a03aae78e4e4900115cd7887c3264d06f2d7495f32dacca4fe68232fc4cabefb99581c6339c5773791471687771c56cb711dab448cbbb323ed8b6b6c2002570c58827248e7b83c45bdfbe97a7ea90c3785d62f2ee6d9b60324dbf7142473fc0307b0390735746727ac5ec78b34ba9c7ae90fa86933de450325d69d22c52c90310550820b104f50c99247fb79aee34fd26d9af2396fee33652c496a2ea3036e5c339e09e0920f23afef3a1229dabfdb662b716f05ac3737ef23f9d0a068c065653f21cfcc77b8dc00ce3919ae5bc41aeea16de1f891edde1368e2de4da0ede1bcc40f81cb003692707803904576cb9ab594598594773a7d4b484b5d16ee5b5b8925b9cfda8c919da65586362578e9960a3bf38f7a8b5b69f52691e5c1b779a18cb44d990aa3383d3a8092302707fd5ad64bf8a27d2d2d4ef30b4d06e8e38c33346db909c678c82149c7401bbd545f11247a5dc196490cb2ed29b7901d59cab63b0c16e9d3f43cea8cf761cc8e92fbc486e1a1542e02a0fddc8ff00bbf311f3863dcb0d983fec371ce46c422dbc4d6f3df2634e816d184be6372b9420bedce4b79bf2fae1c1ed5e68d71345797491c3b24b8898ac6e491c28c73c0e3919e9f293d4034f93c5173159bc3768f1dc420486390b112b28540a467e60403cfb1eb9ab784d3dd0f69dcf5075b496cc04512c091986486293062f2fcc0cc38c1dde711df2be879ae7b52f07cd0788e0b382e66fb44bbad4b344392400841c679438c67a81c571d71e2e9a38c3da06548d65daf2313b633b0afcdc65896607b73f95a83c7334d25d6ab6ef215b675dab8231300a1243cf765ce7d4007ad28e1eb45dd6c0e717b9d97ccba5c32cd2dbde88d5620f17cb9c8560483c671b72383f3639a8f41b3b9935c8fed681607ba8887660a70083b978e461fa67078ae3e1f13425accacad25b48986694fdc971cbfd033a9fa6056d3ebc248dd8b1fb3c6619b72c872b2156dd919c81f291c0fe15a874671bab6e25246a695e13d1b555bd8e48961ba689e289bcb0181249c007a33118eb9c376e73623d2b4fb3d19a4b58bcbb8367e4c45b0a25408ef2330ec4fcc78ebf30facd71716cbbee60bb5176f725a2c823331421c9040c2fc8b8f6c7ad4179ac35c5d6912db3c4b1c60e6dc03b5a3542bb7201dd852464fb9cd657949d9b2b992388d5946a02092085a28adedf136d93eee51463ae4ae76fcbe99a7e9ef73f657bc99e689c30490db3aaa98f1d431c8e8481feeb56969d6664b8b91380a6fd408554e4229fe1e3ef676f271c05e95a371636f246f6f6d1badaa2174b8db800b47b40c0f57918e0766fa5764aaa8ae53249ee4b7da3dedd58c6d1379f6b7cc6deda6dd98c46bb810d95f94e0a1c73bbcd3cf069fe17beb8d521b3866896316b78276663968dc31662c09cf2d2313d085de718ce1da75e5ee9fe19f11ff674d1c4f696d6f7d6a93cc4b331033d3825564ebff4cce3a135cdebbab5f682d617112ac724ac163fb202ab198e5002ba9c9392e475e0657a573c632a9782357656677fe1db1b2be93536983348cd15efd97771b918e55703276062371c746ee41ae0aeae26d4358b8860135edcb4ef72974ac4b485c02edb71925725f1cfe2056ec3e3eb86d1e5912c23b1d6309736af1ae731f2d24641eb809b9b8fe2607158769711e9f750ea70dcf9b3dbcccd01cfca918c22bb92320b8641d973b89ea32e8d39c652725e8295a56b1b160c9ab7c3f9a75dee2d20de15554993321317393ca65d0e0f198f3d0d411ea72de5f59ccefbae16ca6b95931b4b81b9403d392563c13d4b6dc9e3195278866d3f55be68a0fb3c8d1dcbaa98f6b203ba3628c33803cb77c8e983dfae1e97e26b9d53529b50550a54ba9e0f949193b829078014aabafa94e7b11d31a32777622faab1e81a3ea9fda4924f75245692cb656b086dff0024990d2b4a063a83196238c96239c8a75f5acbaa5fe9fa95bcb23416ae82e2e1305bcce55d82f273b023838e4fd2aaf8c18693a4da6942555bedab711dc2e37193e650bbb92bb3637dd6c60019c135634df145a6b5a345259c89a45d5d036b2ac2a58ba82ccce14741cbb7a28ca8ea0571b8b5efc568cd959fbacb12359cd6776e5becf7f6d7396381891366034593f7f0887a60edf5cd65b78883e9fa4da2cc03dba8bb7991b024982812b020718c46aa3b6c279cf3cf68fa9259eb8b04e924824489e29bef84c425f78e7fe7a2edc74f9db9acdd3b4f99350b3b24756f325109790831b064f2e4da4f6c83db200cf515d5f575f69eda98f3be87a09d4a0b2d4a5bcb722f1563da630ccaae3cb620103a8dc8fcfbe2b999946a16514cd348f3797fbd9826e5694b8032371c1e993ea49ea4d5b92dee34b92e56e76c16b25c9b11e60c394491b6ba8c0037aa839c6327248dd4ef0ccf14f617b6d2583476cff69d8c46368559422807a032bc400ebc91ea6a20b915d6a12bb7665483528f59d3e4963bd5b8bd28a5e19184643a1dc1d839c36ddedd09e07be06958dddcd9db8b7ba9a4b98bc88cacf0b061182ec918ddd9bf78703d189e3000e622f0ec5aa2598b7993ed5e4dc9b86d8e1006806d283193b73c6719c1271d6a4f0ee45bea56373011633c30dcc523ee5699524566cf3c078d99f239000ea456f5211945d84ae7a4f8cb51b2baf0fdd5ba46f1c6ceb111b8ed56c2a4841c9007fac38e301864656a868be5c91cd04d26ff0032692d9f71c6044a9b5881c8051d87b67a9c557bebc86f12589dbcf85a14372aaa4ee69798f6646d2fbe59948c8e150f4070cbeb393fb5746437bf67bd8f4579258e2e4659a5c64e07cc4372dd80ed8af3631f7394de5ef6a6cdb3cbe1b6b4d35a48dedd603aa46b2c270416490316ea3700e0e3b13df6e32a0ba65d3cdc6936c6682e2d21592391bcb48dbe5c73c60a9246fe325c77cd606b5af6a773ac3ef262b3f25ede09a6560be5790a31b4e782cca08248e9d0126b47c39ad5d5e26a5a135b482116cd1d99901dcee774c8bc0c10db037d40c7715aba738c39b7ee4a6a4ec85f31fedab653aaa40638a49a01d54b41b9149c7193b33800b647435dcd9f9d67a6c6972caf72a099593ee96cf38f51efdebcda3bf9347b8bd8442892ccea44cc0b069f64ac8a0fa0063380460ec07d4779a0ce979a259ba9764312805fae00c73f957ab818b551cbc8da82f79dc85f54b696dde794b0cf08bbff005e29638e1bcb704bfdeecdcd66eade12170cf25adcb5bb31ce31b97f2acd9a0d634d8c2f942e428fbf09c1faed3fd335eeb935b9e9a51656f10787ce9b21b8b501872cf1af7f71ef55acee85e5b8647dea7deac59ea9717171fe93be36ecb32953f91a21d360b4bd926b75d914a4978bf8727f897d3e9595ee75256455785630df2e3773b87ad725e30b5596c58f1b97906bbabddb1c2ddeb8cd553ce84e791cd5c7732a8bdd68f22ba431ccc08c739a8ab57c436fe4dd71d3a5655762d8f024acec14fa68eb4f14c901c73d29ebd29bd69e05310514a066a48ede49982a292c78c6290223514e5adeb0f02ebba86dfb3e9774eadf759a32aa7f13815d1da7c11f155c292f6b05bfb4b709ff00b2934ae8d234e4f64706178adcf0af84751f175f7d9ac22cedc192690e23887ab1fc0f0324f615d969df0135d9ae945dcf696b003f3bac8646c7fb200c13f522bd9f41f0eda785f4b8ac6ca2f2e14e49eaceddd98f727ffac3000150e691d34f0f293f79183e0af86f67e108ddd2692eef2500493380ab819e154741cf727f0e95d92dac1228497763fd962a7f435034db739151f98cdffeaae793b9eb538282b23bdd37e18e9be28b547b3d46e34fbec603310f1b7b30c671ef9cd731e20f875e23f0cdcbc77ba65c4d0a8cfdaace369a223d495cedfc6aef87bc553e938c6eca9e2b766f8a5abb300929893b853c9af22a53acdb4b63dba3529c6cec79adbffad1b0be07f101debb8f0ae83ac6a379198242b1b61599dc0057d08f4af5cf00dbe83e3fd25d754d2edeeee95be7728049f50e086fd6bb2b1f85763a52acd6373305ebe5dc056c7b6401fd6bc8a939c6f1ea7d046a53b5f96c741f0df4d3a5e976d6990553921738c9ea6bd8b4c256dc76af36f0cdbfd95955c8c0ee0f15e8f6f224369e633aac60162ec70001d4e6b8e37bea795897ccee7caffb7478c9e093c37a0dbc6f3bc624d42e234383b4feed307b363cdc7b915f30d85f7f67e9f34b7b0b7d8d6408ef6e4b30640463d1ba953dbe6e3a57aa7c49f1f0f1f7c40d5f5c8ae4c764d706ded57380f6eaa00fcc296f6ded9af35d5f4d92eb4b16c256334aca66823254b7cea485f5382bff007cfe7139272f66cf93c54bdf639af62fb2e95e63cd0451ed732467285c9924c100724062bdc8e05797dedf46b6ba8c0d732196dade355dbcb24be6a82aac31c042c3001c6e22b663be9eded24937c8a2cd7649e51dbb5be72bb40eb82833cff2ac9d534992ea6375b022975592367f2c79aca5d01cf76e83a0f93f11dd86a4a9b777b9e44e6e463dd6b178da75bcf0ddb1845ccad2b40bf247b8296dd83bb8dbdc73dbb569f87648efa6ba8a296188affa8e37b36d0859893fc4cadc74f9971ee39c8647b3b68a4e511f74909651960c0020fa82bc73db151d8b436305ddcb8f2800163f25fee3e1b048c1f978c7b8ddcf15eb3a4b95d8e6e6d4ef2c7c331dd5ade5a5d452c061b78e48b60055d7cb2dbd58f43f29ff00be803ce3173c3be18b2d27564bcb9569a09d219628ae46338762ca3820a90a47e1cfa560681ad490e96b20171e7bdc794a60700b2b1654c83cfdf0b8f5e4718ad39bc4f05f4360cb32497096a161321d846e6981c019c70cb8ff00747d2bcea8aaa6e2b63456dce86cd6d354ba82ea28845730b3098b92aac4cf214017bfcb81c1fbbf4ae5352f0c59ed8879733b8205b4c188fdd2346e23c7f163073c701c7a0156b47ba8b57b331db4ccaa2494c4199419196dcba1cf2400db0f5e3804e45456fa947ac5cdac36c77cd1f969041b0b045237918edeb8ef96ef50b9e0dd98db4cafad4314d6b3e94c91aa5a46d02c87aae5d4f38e846dc13eedd6b9c9fc36da6c4b04bd65037c39c31e06067b2e771cf3f747b67b3f12692b26ada996b792d20b89c42db70eccc1c305c6739c05195e719c0278ab3258cd6fa7c716e13c9a7db85919f7159a1da8546319c0593e5e723031d2b6a55f952d4cf96e79f9d2e69b4bd42edad95a3b792367da3fd5c6c5d54f3dced3dfa28f5cd59d524b75f0dd81861cdc05456995cb191cabb03c8ff6fa76f97eb52aa8d2d2fec2e27f36492f434b02a9550bf3ab2673d895ff00be48adab1b3b18f41d452746b8b882e2706e1176b27eec2ae33dd59481eb907b0ae8a952d66fb92bb16d75386fa6b61f6662b224970cf924a65762038e9d11bd3a13d4d55d17c5f6abf68559200c2c0247e7441228999ff78a4f3850acc3231f29c76aa763aa49756573f32882386347dc42a8dcc866c138e0853ff7d639e2b9cb4d4268e2be171690cda5dc0612c82358de22c0f4e4658314f94e7d3b9aca34d4af7e8573763bbd3bc68da7e956f6d76631776a264f3d64dcf1b2b3168c1e8ca58bf1dc01f5ad8b9844175736012e316eac155137bae09d8401d72182f3ce006cf1cf0166f1dedec9a7dd46f06a33c1be08b0d99250a18163d8b0c8efcb673c54ba0f889aeae34bb669a6378f343e6c8cec4c6ac3cb39e991f3648e3b918c9ace742fef446a4eda9d1c7e208b4d5b332279d14b6852e1a65098549531e673ce1599403d7628e73c3fc5d7c9a0c8d04a9148a8648cb3ae4fcc51bcc90672700671dcc99073d70b5ad3645d5358692cb768f192d70663ccb2ac71a00c4005be76590e07de638e99ac8d273adf8a2ed26b79d2e1c2cef0ee2b8f2d54ba92492060161d871e9c5d3a317efdf429bb6865c3a95fa8b8bfd337acf1a33192570ce859bcc661c0ce563eb8e4023b806de969f60b8b3b8bd9245d36fa3901894eefddeeca751b46004239eddeaefda2e3c33a69b3b995e58ad5248e2bc840048f3995b6b9fbca411f2938ca2e3a0357f50b87b7d3d66b1905d69027d96a8b93e545286668a5520f09e528c7fb64823835d6e5d2db999aba6c6adaa786a096793cdcec56b551c98f63609cf032c2227fd953cf39ccbcb7d3e0d02c6daca2b5b1bad425925b89c461e4446da638719ced09e5b375fbbf5ceadeea765078556597cd478648e0b6b864197052032640230ca114138e8abdc9aaf7515addf8925be962f2ade35b8863b48e3e3c88a490315ce012e8841c77e7dab8a0db777b1a27cbb09a95dc5a86dbd1bad45a59ab5a3464157c248563718f972c590b6792840f5ae5a1f1158c7198208e6b682578d965770c6304386c9182433b86ff00802e7245744d0a595ebcebe55f5a88256b69eeb28ca0b2b761b4b07989c608cb938180472fe2ed06c6ce164b0bd136652045fc4f1be245727bae045f42e7f0eba2a0dd9932d8edae2f6cad64b6558596e7fb145bc71af0a3cd5088e84e700e475ce19d88f7d5f837a9699a92c36b71fe8e9f62671f292c8c8ca41dddf8690e3d973d4d79aeb1a94fa2ae9df6c8e17c5b1853cb98c8511d55d948ce71b8975e4e3791d8547e19f165d68b05e4eb1ca965751a84d8c5583a90a3e618253aa91df77ad65530d29d2693dca8cf96573bbd7635874fb78acb50df6b9924f2e7846f21a1243803fe5a8dc8beed9cf4cd5482ff006e9f6d1c532b5d08d8ca0480a47b8baab16c8e871c01d4e7a819a8b8d4b54b4b886e7c9b4990ef8a68cc4cb2ed121cb0e016f3372b8e32ac4818ad687c1f6da3fd86f4959618ee1bccc81b9c2927695ce76af92370ff0069c76c0c7dda714a5b82bbd518fa7c777169a2e16e1ef926d37cb0ccb87e6502542dd8e42a919e8c0f4c67b0f00c9a6c3a868ad736b04f7762644f31a3009b70308f1b1382cbcf3dd4c78008ab7068bfd9ba1ead67f67c585dce6ea087254c277c2a63329e71e67eebdf696e2aa787ef2df486486d34fd91c705bdc19db8fddb36f407a803385da7aed1d8d7354a9ed632512d45c5a19e1d8ffb7342b9b89606b686d67916e2462482e70c01039f9773b1f604023835564d7ffb6b478751bcb649e5b18e4b6b89d577f9c1d1628c138c280158f73cb0c8dc2aae8bac4fad68b1e98b324160d6b2fda5e37285e6290fcf237a9f233f9fbd57f07b5858d959ea32dd3047993ede929f97891d43a0feea8752c08feef4e48d391ae66fe4bfaee1d92668deeb2daec105cc16cb73f672c64b58d36b14720b83c678e463b007a85cd4dacdaeaba56a02cf4e816636f1c5a8dadcca4310864d91827a6e576785b8e0a7619ae5ac34ed6b48d5a5296c4eeb43756d34916e89f60f3770e082001bb07aaae39e41e9ac7e275ba6a1a94b0d99115edb5c1326fc233b32b4c232790a591980ce4190fd6ae5071b722ba0d1af79d8bfe1db7b9f126977c7c991c593b148d492ade623347bf1d795453d7aa8c7cc08d4d16fa49f4f85ae2459661b924910001d958ab138ee4824fbe7a555b1d40787ec232aca0f9b244d00041790ab6d556c7401940f4c823ad51d16f2130c820b6fb145b8308b3c64a2b311e9f33371dab6c0c9fb6969a1d3465ef58e8e6b954e0119a85be6439ace9a619ceeeb53adc663c671c57d1f31da32f62468c2b80e3d3a8ac4bad3e45f9a09b60cf461b8568cb75c60906a15c4876b741cfd6915aa39abc17fe67978490e392322b16fe0bbf29945a48c73db06bd123b14766240c1e99a6496f13964da3a7f2aab89f3491e15ae6837975b996d653feea13583ff0008d6a4cc36d85d329e98858ff4afa06f2ca350d95556e073de9f1c0a902b28c313cfe7ff00d7ad14ce6950e6773c123f06eacec00b0b81fef215fe7566dbc09ab5d36d5b56c8ea372e7f226bdcee6d81db941ecc3f9536485b686c6e2bdbbfe147b405868f73c9f4ff0085f7f705bcd31c2338f9f39fe55d05afc27b38be69ee9e5e3eeaaec1f8f5af43b69126847392060fbd22f94ea46082320fad2e76cd238782394d33e1f6896ce18daaccc3fe7a396fd0f15d7e9ba65958b08edad6183d1a38c21fd2a25b545e54e413dc569db46046b8a9bb3454e31d91a96eafe580f96c7f155d8f7003e7dd59f0b3aa7ca71ed524779221e5770ef499b47434c39efd29c47e3545ee8f96ae9f3230aaff006c93773c0a8b9b2d4d19362f5c1a4564c70056799837248a16e82fdd6a928d15dfb80099ab10e977da937976f07984f4008c9aa90ea0369532a8e3d6b4b43d6059ea10b24d83b8720d6152f66cefa2af248f55f851a5eade1b04dc58ce1776ee571dbae6bd22ebe202c71bc6583aa838ddd6bd03e195c5beafe1b8182a348a006c9049f7ae5bc53f02f4bd43529aeadaf2ef4b69a4323c719578b9ea1548e067b03815f2b3bca4e4cfa25521f0c96c65f86fc6be64fb9f2a5ba0c8c62ba88f59b4f17417be1cba7916df5081e197c994c6c54afcc030ef8fcc1e78e2bcb75af84be2fd1e512e94d06b10a9e1ade5114df8a3fcbf939acfb5f126a3f0d6f61d47c556d73a7c0ef989fc8760ee548dbb802a1b07a13dbdaa6eefa0e50a728b6da3c37e2868cfe02f1a6abe1096569a48663f6377708265608c013d898d909c77e2b808f5a9d95ae6181a6dd70f02332e4c8cc1416183d4ee3c63fad6cfc62f175cfc44f1d6b1af796d19b8012dadf00cbc00a817d1b6a0248fef1033915ca0bc9fec3382c678205964bb70013b9f6e1bdb9071ce700818aecf64afccf767e7b8bb7b5958dbd2f52b79f54b6b762c56e18f96c58c8be76e002e31fc59e0e71966fc1baa5e5bdd68aba703b2d4a4124b36ec399163652738efbf68ff0080e78cd7056f7571e1c96fa13b8b25ab9b599781807875f5e43283eb914d8bc4a6ead11cab48cb1aaf9acffeadb62a60a91865ca06ebdf15abc2b724e2794e5d0e8bc671fdbd6e5ece3cadd98e3b65e01c34808ff7723613e8370fa675c783d3ec565e4cf0c9718923de3e5072c46d66ce3a6060f673ef59d25e318ecee6476fece62ad2b48bfc4806e1853d0962338f7c76af4bd374c4d4b4d925915ad65b3b9315e44a3a2fcc0c854f521361c838215cf6c973a93a114ae669733d0f35d3d208ae22b46b7914cd22cb1b2676ba870429c0c85ce39ed8f7a8f50bb4d22f2e12f10c7731c6cf0f94368c330c2f3ceddd9c1ebd3a57717d613c7f6f582d52e6eacbcdb550c492325249d954938388d87d598f1918e57c716f236a1782610cb736b6a14c9b78e4ef5391d7e52c71eb9cf22b5a7515492149591cf5bf88645b38d2350b20288a5480c09c6481d48c4607fc0be95d1dfea5f659e7b8b292417ade619a3280a4a63429f232e31b549191c11b5b839038cb7d06e2ff004d9a7b557678e502360e371fbdf2e3a9e4a0c8fc7ad3ac6e2e6392cda7f39ede679230c4160ff2e188cf5c06edeb5db2a706dd8ceed1eb1a76a875eb5b7fb43b2dda445a22f1e0892393055d8ff781720f50d9ad68759867bbb82fe6227da23919154796b064472024f03e6318e07001c76af3dd0f50bbff00846a3799b368e8d1bb06f986c64c1393d4b3e303fd9f426ba2b186e7528f7437825916fae6e12680eecc230e771ed8f2cb739eded5e254a2a327d8da2de96226587c457cb38b67b9863bdcb2440ab4ac379c0f4caabe0f6e335a534d035e2dfcd0c893b07576652080aca986c7762c38ff006463a9a9754b3b7d1b4dd22e84cf6cd73a86e824007fa3a095ca26795c7cc98607a3641c75ac34f9ee9751d3ef65fb3cf2281e6a290b29214a3023a65955ff00fd75327a5fa21b56662c5a747670bdb88e3b8d3fed6f68b1ff001b64afcbcf5c6e19cffb22b9fb753f6db8b61fe8d6ff00f2cd93968ba641f5c8c29f7e7b57a14ba6deddf86cc104c8fa8a5fdcccf1b0c333058df7a91d5c2176f4e783c56743a4dbd8eb1a9a491cd3afd8d2e03aa855653e66e556f5f2e443ec5bdaba615524fa90e0ccf86eadf5cd2ef1ae5e05beb10d3d893c49c7cc577770422819fc0e6ac69da7db4924936a0a96735b7940c712e5a5750c5557d5b83dfaf43c52ae8df643632c9652a186ee485818f6b4ecd2bc60039e00cc43078c393dea0fb4417379a45d08ae963b8d413ce58a1dec79c28c06ce7018123d0f04f56df3691d07caf4b9e89ab5f5a5d5d5ad948cb0168a18ee238d150edc068cee1d06dc96279019393c639864b2d1f5e177652f9de62c91c11aa8497cb797e71907a647ca4f3f36de40e12ceed95e4b99312a5e4623565942ca9b1e3dd196e84aa6d1bb8c9c7d0738d786f2f6caec44ed636f0b09c47871147e71751fefa44540cf501bd0d71d3a528b6afa16e57dcd7f1069f24d7b65a35e3ab4b6af1da49bc074f32496410e4f42abb95bdc29a75b7861aced7519a18f65bc7125c8b198ecf9bcc9650319c12542af1dbe95d2c91e9f63a678974c84469aaa342caeaa433468c19651eb95dc7fe064f0180ad4b78e0b8d6249b83633491662047c8ae5563dd8ea010e9c71cb67ad43af28ab2dbf3d87caae70baf689ab49a1c90bde4371676f148e1760dd260a88d9c7de52c1447cf5d913027766b0b4bfb74d79a61549010cc86155589971c331fa3c3920fded8dcf35e89e249a3bad2e56b2b8884522c1e54cac46d8d5230831d7fbce7fda1819a6e8d623c553adb7da248ae365b979a40dbb78659046e7a82091961d4b37ad6d0afee5e48992e67a1c0c7abd9ead78d6770c4da8b9df73243f2b8b70a642540071b18248077d9cf039354f0d269b3ead25f0f3aeb32089a0902c46268a50822271d180520faae053e3d1bfb33c5d1cb72d6b0258968eee31f7922dab92bc6d65659820e496322f6e6a9f87f5cb9bad42f6da1699e0624c306370d89c2e771c3150391dc71df23d0d56b4de96253e8c76a1a5456b63a45f6e9a1baba8219c954568a1500a4859482491200c0740a78fbc31a7a7d9ae9f796fa7da2db3d9b3c8f68db54f920a36f520f057e756643d5547272451a0e9b7096ef1dd41ff0012d88984ec60158b266408cc4101914380dcfc8ea7906ba8f0d69f3d9e82e9018ef6e96f6e2359235525ed5ed55c3283c860d06def828c2b9ead5928daf72a2b53126f0e197c26903450e9faac176ea21f9d42a37991a01bb9c19637233c8527271572cfced374b77ba8a13711c6cb7049c9966902ab301d8e1ce47a3374c553f195bde3dc5a4f2ea61d2ce15b98afa166769140f9902b721b6ba95cf1f2019ce6b3ed750be36cc6f2d63b8b421e6290328dd927d4f2810264f18c13d8e714a552376f71f328bb23d1352f124ed0cb6e0ffa4dddbacaaac410a16613a1c1ea4602fb08cfad6269b6725f49aa3dbc11bc710292c527fcb68d5505ba9ee5811dfa95f7ac7f0c98752d2ef52eae3cbbfd36c9f508d949cdc22877d9cffb441fa3fb57656322dd6942ed2e0f9935bc4ce1d06e7b88a5180063b8f2a4f4e4fa1ae3947d8a7146bcce4eecf24f1134f67e24f1468f66eca92ea11acd2db8210f0e99db93f290e7393d48f5ae596caef5668e6b3995e7cac4b0b4aab956dc1b96206f24af1f5c676d7aff00da34dbad43537b8b6e2e9ece79e6b5c2f945cf96ce5bd541e9dcaf4e4e71b4fd2ec6c75586ced2d5677bad3fcacc63892648bcd5e7b2be76963d00c77e3d9a35928d9ad6dfa1cf249eb7392d3f569ec35317a9705ededa49239a58e5dc90867fddb4671c8058301dc2bf404d5bb0d4ee34fbcbf8350b48f6dabbcf02c4001e6bc52a0442bd98fcf9f4407a54da178463fec196d6194db5f95f29833131876916332b82382a872579c2f231bd80b1e24f0b6a11585a5cc0af25cdacc22944b8dae521fdd39c75fddc3b4291dcfae2b694a939728b5b105e6a9232c96fb5ce9ca8b7b03338e418b8dbe843a00703b1ae974fbb55babdb78f263b799a20fbb76f019806fa9c67f1ac08b55b4894e993d8d8c7a9adcc69e629023858975900c70992177263683b880056ee9ba43d95d5e5a189a3fbd2fcc3e7dcce72ae73f78630475a29da3348de8ff111724be08b8cf23a0aaffda4738dd546f22955ba1fad55194218f515e87333da48d78eecb37cdc9a7c773b7393cd63b5cf714ab3b48473835a2915ca742b7e76824f3d850b75b5d727d79ac586460c32738f7a99662aa79a7cc162fea120963183ce71fa52b48a2155c8ebfe1543ccddb39f7a2497f7839a771f297e4b8122a127af5a68b8dbf2337439159725d887e5edeb51bdd059304d171d8d36936b1c1c13c91eb4efb5f991e40f9ff8b1dfd2b1e6ba3230dedb5d7a63bd539754fb3b9058a83cfd2aae434747fda2338fba7af278ab56da9887009c8f4ce6b8d9bc40bb486f9be86aa1f1015e0a903b377a7722e8f58b1bf4bc8f8f948abcaeb1afce0f4ce6bca2cbc711d8b032273df69ea6b6ad7e23c33b05c71ee79a97266b149f53bcfb44407eedfaf5155ee266ec057369ae2de72adb4f7e3ad588f52603e7e57a567cc6ca2d1abe616186a553f2d67c771b9be56c8cd4e24673d7f2a45c5161ad7cc6eb5bbe15f06ea5e21bd44b28f7f382735cef96c9cab31f5e6bd1be0eead7d61ae2cb110513e6218e335c1889f2c1b47af8483948fa13c2ba7df786f47805c8b8b6923186656214fd6b626f1db2c66237a791f2b160c0d4963f14219adfcbbcb6dad8c30c02ad4f69bc19e2231c571a55a44dc0df0a792e07b326d3fad7cd5b5b9ebbbdfde45ef0f78e13cb903b46c57d0ff4ae5be3e78a2cb55f82be215b9552ccf6e2dcf192ff00688f057df01f3ec0d6ddc7c26d0e4647d2b5abcb2327452eb2ae00ce3046ee9ea7b57cadfb513eade1bf1e49e1796fd67d2ace247b58e25281cc88ac647193971f38eb8c7403273d1420e5511c9889538536fa9c65bd92358c2e90aa99de32d24e415dce1b6b2f6006d193d41461c5436f25a5941258496910b99a66c3ca4651633fbacf3c925a6539aa5adcd369fa2ea76e6e7e6b542c23dfe60c2c8130a7903e66383d0007deb8bbad7a75bbd46e0ccb2a2b2f9d1a91bb0d0b92ebc76c1fc4d69184aab6d33f3ead5356cb9f13214b8b1b39e193f7f14621904698da092c807fbbf77d805f5a88e836fa2f89214b6115c69be74de5c32157f97ef6d6ee780a31dc107d714aff005c3777d7f673dc8410cdbf72f236e08206796fe11cf6cfe1bab6d796fa3cda8c4d18b566594ae7e660382e73d082f9c0e3e618e0027b93953828cbfab9c4fde6c87c9b3d3bc411e9eefbf49d45408ed245dca88cb92bbb1f797cd6c3671ea39c55dd2fc457d6ba83e9f6d22dcc96f1af9b1ced82563310761eabb524079e416ea0e6bcf6fb50bb9a4b78e724155fbce390e62dadb7d898dcff00c0b8ab726b92e9be2a9af636124b242f199360dac840ce3ae0e083f4c0f5ab961e535696ba12a566761a86ab2dadf5edb58b34b2ce2761b954480380ac78ff006700f1c9563d091515f422e34ed4ace60bf6896e3c8b7981cfcc124ca039c1dcf2a819feee6b8cfedf96df5887525d91c8b2162bea0aa85e7d806c738e4d3a2f113c50a739c48b3a367e60dd8e477a1619c6d625d43a1f0ed9c77b7c9a9da9c5bdbdd3c535a4a3e4749324f7e005642477db273d056ce9da3c5aa5d69e43c70dfc53348bbf004bf2e24032393c9e38e411ed5c4b6bd717b7d68b67b95ae36c4abb82fcc641f28f4f9bd7daaf68faa4d75a92dc798d3956699656070bceddc3db712ddbfd5b52ad4ea59b4ec1191e95ab787ecfed17e62b68e281d2db516b6e361f32257949f5640edd319e49fbb583a0cc743d72391a05488c8d7302b22ed25cb602f18c0395c1cf00e7351c7ad4ba8c715d25c1f3ad488a789d40478e432420ae7ae32148ec1a9a921d53593a8cf1ac3a75847f6784c7c06642a1480339c823ebf3fbd79d69f23533572ea8ade205b7b5bf7b3b483c98a2981f26518c4432ea814e402a1b1db95fa011de6ad0cda0dfbdb4ecad685638a36e0bab316e1bd7723b0ffae9eb9150eb9035e6a56b12caf2ddcf74eb3b329c6e91e3025538e54abab8f6cfa555d67c177ba6c7ab58db199924b7b79a3f949f3101054381d813d471cfaf15d31e46a3ccf533776db3b8d2774362d756e90dc5c2a473ca540322e511772f6c7ef02b83c7af7ab16de248ec6fb4c32ac522e9a419e3b8506292d9e20a55bd406887d32a3a819c6f87fa64ba2ecd52291a486dc4969b7cef2f1e706f2ddb8e84a81d386ebd0541ad585ce8be22d5a596dd9c3411cceb22636eecb618f4385241ebc9c03cd71ca31f68e299beb64d1d33ea915f786d64593cab56ba49e117137ccb90c48538fb85634038fe1047b366d46d1f5c5934eb25b69a0696e36ee23a11f7bd41f297233cef3f5ac6bcd4044d7be1dbb8658a1818c7146db5363609013271b4e11f9e32fc118397782da5bcbebc668fed243ac0cd27cc42bbbaee1f42bbb8ed274a8945c62e481cb548e4bc37a81b785ace54f35e68a19e21c31490c91167cf42bb97771c72067806b434fbe8af35a58b4f896dec9a3f37c9719f324995a38fe60dbbee81cff7940ea403c8784f589f47f1269cb74a4b4720b70219370c7cd1ba1383e9d3a63f3accd12e21b8d42cd6ea2925b190997c989c2cd1ec00ba93e9ced04e4739e0d7b72c3bbc9f9185cf42d6a67d3f5813409e635d5a0b6193b763448b1aef6e08ca7940e71cb39ea056ee9f793fdbb4b8e5731cd33c57772d8da76a5c39550dd89632607f7827e3e7da96ad35c473dfdbca97f6f6b23c5710b121990242818824f1b81e9d08f4c5753e2c921b4b7b186462b0c57ef22dcaa87410c4f2ba8f7c9319e7fbc3f0e2a94fe18b1dda66bff695b69baf6a5a21fdd9fb44d10b86c6336f1908133c0dceed95ee40f6aadff0955d686ac15da2b8b5b78b7c8ca7227624995c8fee958987fd725ed9cd05d35f55f186931cc23492f274965cae235f317e7eb9c15668933ec3d6b5b52d2eeadc9d23c98ee5af6c49b21729fbd49164f2d13d31bc06c104633cf26b251846c997adae8abafdc25ff866c8fd8d556392149c3c59de5e297cb563e9c21f6ca8ea0639dd5a1b4b5d66f954b4f62d0ca524954f462a6324766251547a638f9702ba9b4d492d757b7b091a6b9d37508cd8f99dc3145f2641c0c39511139fe298d72be1bb1bef13786e68e2977dfd9f9ab2dbc8a4ef123c4a3e661838c3301d72303248ae8a778a6dedfe64cbc8e94dc5d7fc2bdb1bb649a59db567b892db6b7ca325c22e7b0f2d548e704b64f2737fe1d78c078774bb4b7d46485e59150b6dc16c95949700f4c2bc40a838f94f4dd5c5c9e3ad4b4f58ade66dd6766fe43dce0874f3158ed3cf2b92e39e9e501903832416f05e68716a4913d9de436b1c7209482b71e6e172b9c7219303209c29278da68951f75a9ad1b1a95b63afd73528ef245f2a18de58ed21f31981f94c09b582e7fbd23ae7d77564ead61a6eb17da705b3934f86d2d4c2464957519dcc0039e09d9ebf29c9e335cb58f88a556d61a45747b7b7577118cfc85d77c6077c3952476d8467ad7a9e97f6e375a75bea6619af6d6d2390dd4910c35b89645f9fe896c067d1cfd4e338ba092feb61a7cdab2aea905958d8c8b1db2896e229e4b9f3c676ac9218d403ddb214753f33a935cbdf6b971a3ad846d1b79ef2b45b558a086404231e3ae55075fba53f2bd6fe26b0d63c29791dcc8ac069d752e781b65123cb144077c7ee4fe1ed585afccf6bac68ef7c80c771145768ae065860958d8f1b8020292492338268a549ed244b969737fc4d6eb75a3dcae91a9dabadb6a015e384796fc12c9c9c928a589cf3c28eed59fa1d9cb7da6c31cc23b7f9a454958b0dfb4838cf6249e33d7763a6daa775aab5e6bda8986460237972918def22c90ba72339c72a73c8c639ce33a1a0ea8da14d611fd9d56d2eaeae2ca4b79b077ba380c8c79da76345b5b1c155278191a38ca30b2dc17bcca70c57169fdb1388cc96f25d2ef0063cc5f397ccc1f662abefbb9ef5b1a45f41343269f792bcb792db9782e647dcad32e638c63be637931efb6b0fc69a7ded96adaa436d23dd585ccf09883673b183b0e070adb90023b3301ea69fa1c306b1e20b7b69336b737416ea297006d5071229eb8215377a9c8f5e092e6873bfeb4255d4ac6b685e15857c6115fdd6d8afa1b9cddc7b0112912ef671cf270f9c8ee9ec68b9d59b4bf1543a3c9b9ddc36f794e5cb7cc7248ea4055527fd9cf738c95d66e2f354be82d4ab2c3b63dcee77aa9609b09f4e40e7b9f735976f753f887c5da2c6d711c37b708b6c92dc1242b3aed52587a97e7d0b1cf4ad69c25cfcf51ec8b8cf95ab1dbdc947620ad655c5ba12714f3753472343751341711929246dc15607041f706a169b766bd64d35747d0c4acd084e9f962a1dc2392ac4cfc7159d3487775e29965cf3b0de86992cdd79c66b3da6618ef511ba66520d3b81a5f683e5a9dd921b1517da8ed249e879acb374fc8a88dcb73ef4c7734e6bc0cfb49e187154a7d436e01f5c552693e5196e955ee2e90c7966e9568cdc8bf71a819e339249ec475aa125d3ede493fef0acd9b5558188186229adaa4b34780983eaddab4b18b9dcb125c1ddd31f855496779301371fe54f8e332b0327cc6ad470fa0e295c8b391463b59598ee2467d2ad4764dc11c1f5ad08e3ce303f0ab6b1f39a972368d3449a4eab359b05981741c6e1d6bafb1d520b88c6181ae5238415e99a9960d9ca3153fecf1591d31ba3b05ba5dc0835621d4151c10df9d71ab75710f47ddf5a593509bfbbf37a8352cde323d87c07e20b4b2f105bfdae212c0c76b2919ce6beaab2f04f86aeec63bcb068a1dffc71a83fa57e7fe97af5cd9dd453e0ef8d830cd7aff87fe3849676c9116910f523b035e4e2e94e724e27b985a94f96cdd99f4bb78075abf86ebfb3df4f9da3c98d1ee1e269001fee3007f1c7bd79fea13789f40941d47c33abda8c85df15b19e31ff00038cb0ac4f057c76b8b7ba324975b63078dc7b75afa07c13f182dbc416af7538536800fde1c609f4ebfe706bca945c3467a6a4d6a95d1c4c3e28d77c1fe13bdf15ea7a64f26976414f968cbbdcb32a2e327804b804e3819e2be55f1d78baf7e2378da6d6351658ee2f6e1384e5634c04551ecab81ef8cf7af6cfda97f684b2f122a7837c3b342fa6ee593509602195d832b2c408e38650c71df68ecd5f36d9b4adacd9a26d2fe7215dc40190411927a0ce2bd3c352e4a6ea3dcf9fc7e239df2ae85bd5f469afbc3eff00679d23366f83667869998838ce31f2e64c8cf5cfad7332e9a25ff4e0a6556f90c4adc6ceac99e72555c139f53e95e91f10a2b64bab2f277c4971773210bd1668d30a08f5225e71d77e6b979248e48e18d6dd7cc8de78e410af0b85da5f83cee0c83d4f03b573d0acdc533e1ea2d4cfbed1e2924fb6b2b2860cb2248dbf0012ee54f7c6472738ddefc6e4c2d1bc05aa594a5c5f2da7dbace75ce5bcccee4231d00318c0e8636ec2b84d7af9edf54b9872e1d4b473ef2797ca6f55cf71b864f739ab575e36921934db992349e1854c3242cb9411953b5719e3037f4c74c66baa54675146dea6117cac8af6ce0bcd2649e0818625f9304fca842128dcff007fcc03d00f7acdd664fb45c5c909b12d598c5e5903e4cb648c7193b49f73d38adc5d42ca5d36e5adede4b6864b88d620e80ac6cf1c9bd1dbd194232b11cec63dab1f52b373342d0a289a7546f25b8dc777cf11c1e1b7023dc30e6baa9c9f3599125620bed38268f0bcf1badcc93c68ee5815dbb3776e848707d0e3df8cf5b3592cb5477cdb496d16446e376dc9dac3fefa2073ea7b8e7add1f4bb7b85b6d2e55c3dda47776b34b2623df1f9df7bd338543e801f51597a768b24edabdc5d36e82688a3ee3d0e51e4c8fe164033b4fad691ac95eec5cacc5686eedfc416621252e2e9a39119060f98c4718ec7776ea38a7dc3dd5a69b0dfb4722c17120761f7464ee38c761b8498fa7d33d749e199daf2ca568de2bcc59c902b2163f2316b861c7df0f10183d7781deb275c4fb4697a5cb7300b78e406194444328963ce4a8ec3716e3a7040e07046aa9d9072d90fb3be91afde58e5530fd9c2ec247cd2901f68618f4247a13b7d0d52d1f5afecfb95b699646b36d836f521b23a74f9873dba8f7aaba14506a13c362f7ab0a04331b870db030258e4750bb4919033c743d2a7d6f4fb6d2ec9354b643730dcddcb6df78954611a1c061d721d883e9c1ce0e6b9217e561ab573534df115dff006841309249ef268fc98e3739cbc49b54fcd9fe1c64fb93c639dcfeda93479ec5acee66b3b801a532472e47fab59410067a6e938e7382306bce56e24b4d4ac1d236bbd85502a8f9d831036f1fc477119f7ab9a95e1d3d58acf8bab72d6f25bb4214b46a3679b19fbaea71ce403f3742093512c3c5bd869bdcf414f165bc1e62c16f259d95cd998a4563b9126494741d36a893232320115d95beb52ddeaf047a8328f26d828b875dc2588ba8657e3e655232bdce403c015f3fc7e36bd4b1bdb0bb956ead5f004532ee0871d50f556181c8ea060e4715d3787fc553cdad42f22c97625da3c9dc0b34aa142f6e70caa48c7e59cd70e2304ed748d14ddcf44d7b4fd2f52d6b507b4b84b5bdba5b789d401c4816312b467bae548c81952c38c1cd58f01c882684dd1315aea2162b9dee7e68995919f3fc241901faee3d85711a8789049a92ce608d2da29d66f2a46dce195d70b818259db39c1e84f5da2b4adfc41a54c97d2fd8d824d195484b0736e9828557a670adb7a8ce057254a73e448b525cd738ad6b4f7f1078badf4f849b5bb564579f9675dd187cb90324872db88e49dc7bd4fe3ab530ebd3dd6910f912bb4c9f67519059cb6f23070c32ee060fdc8c1af453a3acfac19ac22f3e4b8ba86cfcc3f294897025da3393f32b9cf42158f1cd732d752eafe2a8ad200a2f99aef74120042ba45ba02a71c00f18191cf057a119f4a388e6775b24438993e2427c417db6d6dd74d051afb10a82ec133f3b63019991b00924b15724fcd816bc27a6dd6a1e19f10e9da8c2b3c3169ab7914d860c9b1f6bed2470e1481cff0009e320834e6d53fb1bc5825b5b5374ab629691c117cac5036e8dfa1dc5576b823f8954608073d5de5bc5a3f86e78ae95233713c76d1de798006113747e4f21e363cf618e5429a9ab371828dbb5817733b4dd62f2e7fb3c241186f316e4c44163b23c38385e40257ae39caff76b77c61e3432683a36b5bc3eb0a574eb8908c3c93a0791dd78e8d2320fa823eb0e8ba6e9ba6a5dea71e3cfb2b091e278d18887eef960924e7279073b802412432d71de1e67d57c410c6c418e59fed325a9e553210c8173d8eeda0ffba7b135cb1a70a92e6b688776958d7d4dd34bf06cd76db61bfb6b989e0da320c90ed1e61391c10a587a923b0a9bc51aea4128812c05ab6acb1dc5a468a0a0498e240c38f9810ea73c6767a135a1abea16de24f0cdec65a3792378e5855576798d392c3728c8e0ecee7ae315e75a95f2ea82de1f3a5f3f4985c3cd272eebe679b824f43b240a3fda50bdeb6a30f69ab5b132d05fb44d773da5a46f1fd9678a3dff006ac2992513178d25c9e0192419271c3fa62ba7f0d5f3df787e1f0bde98a39dae1a292190e5d7cb581625046792f9181cf4e40c9ae274dd3eda4d161bd7bb92048a64b795546e5577064dc4673d51ba8c938c1e2a787586fedabab6495a2f30cd6395930155981590311f2e768fa0e7d2bb6a535515974fcc94edb9d645a3e9d63a0e93aadd4d6f15e5c09a23345f3ed84e7cc2c0707e769463039fc86fea9a94d691e8d7173a80b7964b158214d84bc908795406e3e5cae4ff00df3ef5ca7882e2dfc4da4e9b65625b41d5f4c622ea3932237de465d39e19402594fe19e33d75d69f672de369fa97956eff006710a5f5c92523668f68467c9552db4307c11961ef9f365ba94f7d7ee34f430f43f074d77a65a59dc26d6ba496449ad5466538c630338240c76381c9e9595ac13abeb0d3c8af2d9da249716eacdc1ccc03a939e7af38fcf915e96de321a0e86747b990586600c926ddc6dc4836065c13bbe70f93c9e171df3e71a5eab79a7e9faa5da2ac49713cad13c6a7fd5aaa99029eca0020ff007b0056b467524dcdaf426492b2464e9da5df1b7d4d486f32647872c4ab7989f2ee27a80cdcfb007a66b6750bab77d6b50b75bd582684fdb1647fde24b2989419738c9c311c7390a0e323e6dcf0ec621b5d3b56d5955964d4d2c248c05dc0f931b6e0071feb1483ee7eb5cc78b3c3f7365ab7d934cda2eeea2954a83b7cbc2f9ecac49e09dc17ae7e5c75ad94d54a8e2f427548b7a2788b57beb2dd103a86a90cf1191249434923432a152a3be772f209cf3e94fd37521610d85ddac5e66a4d69236d71f34718474181df29e61c0f507b541f0fb36f6fa447a96936a5444ed149b1a2b8c095c4803467e7051d97e719048008adad57c3f75a5f8ee2b9697ed96bf688ade1bc8cf967cdc12aa719043a7cc4ff000f3d31ce73e48d471b77f98eced7450f0fddf97797569a888d20d42fa58e799b0313370c4639186685b8e3e5e848ac4d37cafeced3e6bb7d90d9badaa48a4644a4799923dff799f6dbe9cc31cd77a7cd65a96afa7edfb46a02ec28183b50202001d3975e4f39c739a2f2c5f5ab49ed34e9567b6b49350bd970a412a026cdc3af63835d5657275d8debed61a69765cced35eac68ef2b000c99453bbdcf233f51599fdb5b0f2dc557f16345379776eefe55c598732c4c094746180b9eb95f2fe6ff6bbed00d7f2d26b13736b0b4b7125c61237031f20008407aab6f1f2b720af53c8ad60f960b43d0a78ae58da45b6d703719c9a8bfb5371c9a82c6e20ff00898a0b57db66df2c57111f3554c8d856e01042ca41ce394fa53b4596df52763342b6b05bc25bcc740c247dc02a120739c15c8fef67b55b95aeda35fae7744a751045447501ce6abfc47b8b3d3749d3ff00b3edc5acf34d2798ea58fddc128371e80b819fa8ed5e7e35cbe8f9f3cb0f700d6f4a0eac7996857d6e3d8f436be1eb55e6d41635259c28f720570136b97b2f5b865ff7401fcaa9c93bc872eece7fda24d742a0fab25e2bb23b2bcf125b43b82b991b181b7915927c402e24c4bb9133fc3583bb3499ad95348e7956948eaedaead24e51d4377cf5ad18d46dc83906b84563daa786fe787ee4acb8ed9e2a5d2ec546bdb468efe1dbf4356e32bdeb8487c4d791f7571fed2d5b8fc5d2a28df02bfd188aca54a474c71103b759578a7f9c178cd713ff000970ff009e0c3fe07ffd6a46f16337489bfefbff00eb547b197635facc3b9dd25d15e841a72ea63a118af3d7f145db1f976a8f43cd46de20be3d25c7d1451ec242fadc4f4bfed08dbf8969eb751b7f10af2d6d6ef5badc37e18152c3a95dc80937121239fbd47b07dc6b18bb1eab15c23360915d47856df4fbcbd8e3ba05918e386c57855beb57b130db70df8f35db786f5db9362d70b2913c441e831d71fe15cd570f2b68cefc3e361ccae8fb7bc0fe05f06dae972dddee97a78b48a3324f35e0dea8a064b12c4e303d2be6ff008aff00106d3c59afcd1e85671e97e1cb73e5dada429b16403acae07566f7e8303b572baafc4ad7b5ed2c697737ec34fc82d6d18088e41c82d8e5b07d491589bf6a9ed5e7e1b052a52e7a8eeceec4e3d545c94b444c975b675c360e7a03fa57510bc91eb1632c242bb1c038ce09db835c034856ed1739e735dadb5c010c3727a431c8e78ce0221727ff001cfd6bd0a91b459e3b9dd33b4bb58757d5a28af923491a43712c48598cc495019471b1ced893df9e00ebcfdc6937be13b18963f9af196240d804f2ca4b907bef7dbe857183c1ae8bc2901920b6bf9d631772208c457232c8110a8279e486403a7231f8ded6a2d2356d2f5a6925369184688cdf29257ccb7da3fd92a41520f19907b57c92a9c92e4b68792d736a79f6a9a49d36cf4cbb90472bc37ae6311eddf7322491b15dc4e06e0588e79001fe2ae4353d1fec3786e95cfd86491c26d8d80f2f686c73cfdd7c719ce09ce393d9cda7de5c6e48e4480dbcd6f7a96ac76b0fddc424f61f7c7d429ed8a6ff00669f11786ecb4b5ba0f359eaf211303b8cf0b471655727ef052c403d830fe102bd8a555417337a183b3d0a3e01b71259dcc32aaea169ad67ed1139c32ac61da2c0ff00b66e030ef91d06285f05da6a8b2c56d78cce2312f9993fbb65640c73c7053e61df8c7515cdadbdee9fa948e119ad6de6687ecc09cac7ba4902fb1f918f1dcfbd58f105f5e78776c8929fb5c8ff00be2b901f7024ff00c0480a31ea09f5ae8e57cf783dccafd19a561ac45aa036175e64725b3fdaedb0bb9bcb74c4b0fd486041ff00a67ef5d1f846e6caead4b31db04f713423e50ecc5d4ec720f753222f3c61bdab896d2dad5c5ec3732a8682674954f0fb610ebc7f0ee2547afcc467835d0e83aa4573796b6a2156b29ad0f9922e577b0405df7773fbb182318e7d0e79b1118b4dc4a4edb9d77daae6c6c5e48af22679a491e3671bca4aaa3ccdbfde76f900ec72bed5ce78dac6dad6137a90470e9af09115be0936f2fceec092465b321c1feeb77278b76fa225f4ba559adda88de5d8cff328899b3b5bb637640241f947200c0cdef14d8ade4fa6bdc5b41b6d750647d3d8964950c2b16c53d305982ae3eef27d05705392a73567b9a3d55ce0f45f0ac36cda2de6a88d0dadf47709f226f0912c61b8e7963e6719e857d7a4fe22d1e6b95bad02cf76c7bd49ad64db950acd2461940e9901781fdeff00641af439eee1d2edd34a29e7c6f04570b3020a995bcc7c60751f330cf4cae3e991a8da99f56d372c8f6d632dbcccf1b95628b95c13dfe74c6476901fa742c5ce53e67fd7f5b0595ac7956b1a7a59cd776130fb4dd0b68629be50a2391a40c71d9be5dbc8f5355d73a235b5c5c29759e38d9639177218c1f25f70ce57728383d47041e41af5cd73c3e9359c30b456f26a178905c79770c1cc819dd5a2180181033bbe6c7071d067cd27d3e4d727be9631f68532c6b02103055c811a1e7a142bf371d3db35e9d0c42ab1d486b959047a7d8de4da55d88c35a5c49e43c653e68f09184048fbdf30273df70ce3357f4c9bfb15a79ae82990dd08d6e636dde5093cc321073ce557774e8a3a13552ce5d4bc26b637cae7ec32b4f6b134c098a68c301221c7de193807a8e083f28c6dcda7dceb973a8bc0d1dc2dea12be76542ca3e5746271c80ee0303ceec0e4e2b49eaacddd0ba8ba3bdbe9b1c3a95db3cda6de208e3f2c07972c0952a78fde23a39607839c7706b0352b0bcd23556b655925cc92945846d6923504baa92339c6febdf3d735de683a25acfe1fb2b18de46b69609ef61badc14a6036e50c48c32347e5e70305c71cf36356d0a2d4da77b4673a9598903471a9603e663e6230c86521be653c829201f7c57146b463377febb17cba6a6e5add451f8bacaeed775dde47704451890247cca43e178c7cce9d7b06e95cf786edc69bab697adddb1853cd9aeef7cc43e608f7b90a8382232738e339ddfdda4f155e43a4e91a35e59a0fb64843763cc6777cdce431d8ac7a0396efcd52bc9e7d52fae357b8956325e3b936e23e9008cbc318fcdcf3c7eec935cf4e0dabf47a1775b0be2f92c2ef4555d18a36a16d0c71efda434dc985b07b15756607a957ff0066baed0e6d3a1d1754b7bf91e6d3ede09ae5afe172674658836f5c0e49902f27aec3d315e51a4c289ae5b4771334505bddf9aeddcb92490323901953fef93eb5b735e378534f0c489f4abf8fc858060fc91c88c41e320fcd213d33b90e3b0daa51d1534fcc88cacee7a14de4e93ab49106b79745d592156b885576aa82a04c9b700aee8e3254fdc2587001c627fc23a9a3585f5cac0d1ea8d77791965c298ad41b8558ce7f8c9466ff007153d4551f0b6a5736fa868e1183e9c6de4ff45b951fe90b302bb411df6f395009f9871838ee6de3b3bcd16ded5e5915eea5482eaf237f94dbc10488cedd86038c83d4a8eed9ae29b741fa9ae92479e68ea22bc96cfc9840b84b7b96521be6f919979c820e3b1c82179ac8d5a385b5bbf92ca38a08e699515a53f2602614b0e0a80c492473fb9c0ed5d85e69f1e91e23803218eea17b7d2e463f3797e5b2a4bf8e0a804f647ea5aa05d360f11ebf3584b3224fa88b6b8b31b410595f32b127afc8d29c1f6cf415d94eb59f3bd9aff230e57b1e691332dc4b656c9243a79cb4b1be0b6cc2b83827ef0da847b96e70c4d7477de0bb286de1bb17de64b0b24732329d92ac8ae51e2623ef2ed656461fc191e82fb6970f8934f9d5d23b3bf2216d3e556daad6e546439c7f06dc863ce0b02781b67d534d6824bfd00d9ac6f2d8dc48c5d8621932f2ab03c6080d8cf5ea0d754eb5da49d88b5893c48b60b6fa5eacf72d776cd7ad682e608f6b4aaa51ccac0907760aa364e724f3c735b5ad5a7d5a4d52189437da23b785ece3427114031e629c7cc4000e78c866e00033169b6524b2f86ec8c455a31772de49b096dceac23caf5242ae7e809ed5bba9f87ec748d73ec761247225a582dbca5b80df7965914673cba83ec0e39dd5cae518b517abff00825f4b90ea0cbe25b08747cef8440d0583c40b0482362c30b82431d8a493c7ccc7a018c6d604fa1c1169f716cd34710f28a33154c10b28048e99250b7fba7d6ba2b4d7174b624dc79525bdb4f04775182ee8d22334adcfdefbd8cfa73d0d6344b6fa8f86f48bf72d737f05d9b6be8dd886b959c22b1c91fdc475cf1b78e39a29b69edeefea4ee751a6a69ba4e9e9e1b5125fd9df2a5ec13c83e786e04cd2c7e6119500663439e85dce464830ead6be4b5bcb121fb44d0432469211ba49558c2ecc73f3125430e78abfa7d9da5d36a773671ac1e5c16b2aa4c1a3f98b2c47ca07ef472ef122f70531e84f4171e13bcd6753935007ecb6d0dd345f638d40f2155676619f4dec801e8767e15c12aca32bb7ebf81af2b92383b6b848bc43a65adbdcf9dfd9f72659248705b6bcc7cc5c73c37cc7009fbeb8ad08e7ba9346bfbbb91b05baf9b2feef788d8a2ae5578233e62c67d7e71c678afa7f867ec979246d2c6be75fa29f280216118556e0704c664207fb3c75a82e355bf336ad1e9f657735bc902c4d6de513e77ef4bc722ede5b043364739e7a62b495a72497f5a90ae69ebd7167e21d174e46b5f3044b35e5cc7064b88a519540724825a1041ce0641e9c562e9367a249afebba4e9f78d2a6ad15c03a906da634724c721fe1c15708540cee271d40ad0d374bbf5f07dc29b491aec2dbe9f1c193cac4d244e7e5e701564271fde245729a85e58da78a95adeda4d2d95238e1b78e4570e7c99195588233f38880cf3c9e7806b7a4afcd08bdbfe1cbecda2878c6c64d22c52d269996e6d42c33592b068d6410a6d4dc0e4e36c8c78e738ce4562ea17d24fa0e9fa66d7912db6c970d9f30ab3b301d4704798ab81d7e5fc3ad9b4f96fb5cb31259c68606698a34854600058bb37007ca839ce72fde9eda1c9e27bebeb3b08cda461259ac9c28df3b5bc21222e723076e00ff0069f9f5af4215a318a52e9a9924dec71735f4c9bee2e253a8cf7c4da86795c923685fbf9078f9463dbd383bde08f194b6b3be8b3e9b1ea967791a1b886e54931363f772c43f85b262e7f8805071545ad21d1edcc12d9b4e1897b4937908d878c87031cfc80119fef7b9ab5a5a35e2e9c23888d4edc4ed0b6c0de7c2cffeadfe9ba4c1ebc263a574cf96516ada05fa9cdfc409c4d168e0337cf0cd71b588c8df712004e3b9545e831d2b8c6af41f895a6a45696178aae1e4240e46c11b65d157d4ab19558e78298af3f6e95e8619a74d58a447fca994f26995d430a28a5a0001a5fc6928e6980ea4dd40349d7268014353b75328ce680250d4e0d9a8734f5348771d9ad1d297748c48c8c106b33760f4addd2d4c700c1c06c935322e3b9455b6c99aeabc1f2f9a67b7ff009e8840faf6fd40ae524f9646fa9ad9f0dddfd9b5085b38e6b39abc4d69cad23a356dac0d5c6b8578f3de9350b710dd3951856e47e3cd5566f96b9ad73bae324fbc1875aedbc1adf6a68616532895845b40049dff002f00f7e6b8b31eee6ba7f09b4b12cc62768a451f248bd54f623dc5655a3cd06913b9d9c9ad437512dc59e2dcb46222cf9ca99a58cc9b8741c4cc78ecc3d2b4af2ee3b8fb7340d1c9e75c425b70dc8dbe6e0b0c7270f1903a640f4af30d375878f49f10d8cb2a79924b2a87083e731b46c800cfcbc9278f71d0575890cdaa69f66d6925be9779365c413c8b123f29ca96c646e453b573fc42be5ab61bd9b57679b77735a7d59b519aee1b6da2ec68b045e6ca47efa5685ce7eaccb11f5e4d739a58367e13b0d50cebe6dc5cc6594610aaa678e391c22924633e68cd64dd4d7b6d7c6da08d8de3c96eb108dc32ba1563b8ba9fbac6442307a607a53b56d79f48f0fcd0dcfef37cc91d9c32290362c655db1feeba2fbe5bd2b78d16928aeb621caeddcd0d7217b3be43761a337374642d093b0aed0c8fcf3f36e63f427be2b2351d36e3c51777d347294b5bc0d701246f9524d8d71b060742abd07f1363be6b4a7d2a7b765b2bf918cde73c291a92536885f6c84f61b98631cf23bd64e873cb1ebb1e8d7d711d8a6d92198b03b206db856cf5c0281b8ed9f7ae9a6ed16e2f544f5d8d7934f8aebc3912e9b204b8b7892601410648d8b8753f2fde04a363d15fae0572f359ddc3a6d84d05c0558656899d093b56525d0e3033b90331f40a41c138adbd1bfb4dacb52b487fd0a78983476aa4efdcb331db903f877cab93fdd3f8f32ef0ab5dc68e4db25b32479192d2ae4bb76c7ccce47d40e99ad69277927aea2675acb66de19bb74ba649ac2e6293ce6c7cf828a5c2819c0572a7ae76e7ebb77fa6ced2469004bbb88a4b881648d94a6e0865e3b1006d65c704723bd70707892f354b4310b788b5aabc9cc6087deaccc87ea42e07fb35d6e9a24d36dcc11acd3dbdb5d33a431aee705a068cae4f272bb8afaf96c3aa9cf1d5a328a6efa8266c6b915a4f79a85c5bdc910e989711bb01c3205ddb811cfcc245618c83922b26de1b6d634bb0bd49a3516b144199d015916277f311b1d1b9523b1dc79e6a8d8c8fa6dbea3fda173be28ec2310b8e63650c8c4fb9f963c679c301daac5de2c645d2a2b7f2deeafdcdc4db768d982c0ae3a0d8e3f2e319aca31e5f757f5dcbba2e5dde491595adda078d6ce58e6652c59da12a4c528cf215849cfbe4139c6713c3f66da6ccd1a4918bb051961280ab793b9b1838ce0281cf4edc56b3e8779a96972de48d3bcb6ecf6ca8c7738801debb8f7dabc6077753fc3c50f1469d3683ab5d5bdf48d1dc5b5acd729e5fdc9a1949891f9ea3956ef91cd7441c7e08b25df724f3bec3e1db3b46b75fb3c3a946c9126e2d0ae6557523191c8049f5033cd6ac9e0d9749d5eff44bc6326a96664ba7b84725ee3682f1918e89fbd889efc377c01cbe8767a8eb1a40b8b668e72d3790636244afb76865009e461f2483c6eed9ad86d58dc78821582f96eee7ec86d9e6dc7699da56079279ca951e9eb8c66aa5ccaf18b293ee61e9fadc57d6f6f6f7d2b58dbc9349960049148a64cc8eaa0f0c78195c83b01032b83734bd4a5bcb3d45cbc0af6ab1a9649722e50929c13d70a493c0fbbc8c9c5735e3eb7b5b7d56c2e6c13669f2d8c7222a9e2372f2178cfa10fbb8eb8acbd2ef6486554f3145ab481a5663f291866519c77c1aeef631a90e7467aa7635db5188e8f641e5543f68b355822ff591a790cb239f4cb2af191d327191566f350974cf09a595cc877b5b0686e202369fde3a0c9ebf2fefb8f73e82b3e2b293c41e24689ad9a0bb82291e587612ea2242cc791c9c263fde3ef5d0e9fa6de6b5a4e950593dbdccd16fb37b7465260669de44619cf5dcdf374c83ed44f915ae56bba399f125e5c6a3e26d76eada175b74bdb8995d938dbe631e38e98239ed9e7ad4d7f7d73677d79a3cf2b795209615f994af9848e49ec0e541231d8f404568df497315b5d1b869adefbc966782518055df05d39e4326d0d9eca3bad3956d7c65616b0cd00b6d7ad6d95209234da2e4c784f2641d3794442afdca953d462d3565a68213e1deb105b43731dd95377a74666b2dfb8a9747f30a9c30c80119863d3deba9d135896092c5eed5869e26593ece8a577dbbcaace871ff004cdc92471c27f7abccae19ecae165691259ae079ecb8ea1d482369fe2c10707a1e2bd6574b924f03da6b6930d46f3548414b341b9980b8712018c1232f6c3e5db853c60815cb8a8c534dfda6546ef6e872d7fab5baf8a964b9be96483ed4ed77b972919575456cf1c16c1cf6f940e40ad5bad746877620b5bc9641a5c5e45d4d090be74464dd23a0cf51bf017a90b93f74d59f0ec7a7eb97977a8adbc5179c921b69a78c963b7cb91c4b1f218ab01b58724e3af4193ab787c69e6ca3b397ce93509628e7dc0fcd848e4640477dc5c647f736f2324e69c1c9425d07aa5a1956bac4535d6200249000b17967e5488f9794c9ea0299793d40f7c56adef89ae6d7c4facea26633a4504761012c24cb47e5ef6392776e0b2673c1dedd718ac6d37c33756fa3dbc9041e7dcb6a8d0151190ee6328bb369e40277b11fece3b53752f0bcb71f6a934d7170cb726016f6c98dc7cc189304e429468c7d5cfa57472d294bf0215cb56fae2dbf8b348bd4896c2d5e55ba30a3131a820a6d19e76925c0f4520738cd5ff0aead2eb6b0c13959dd43c4acabfea9dedd9214ebc0dc39f5dab591e24f0cea4fa8785ada5b37b68eef4a8a3122a96064cc83e6e07219c12a33818356fe1ae8b25c78aaef4d12ca51a65b79521186236c92a9078e43c2abff000334a7183a7cd7e81677b133ea8be2ab0fb135ca248a1574eb9c0520ec60d13f425594019ec4e7a673335bdbe9ba6d85fdaa7da255be67fb3c8a448ac9bfcc46c704662561dc0dbee6b8bd6a658fc4da82db3ac302deca6d9829da8ac58a03c671b4f18c9ef5eb3a386d5342b8b8b48167bbb7ba67bddee2369035ab471be09c658965ce7a8527ef54d55ec629ad98e2aeccff000ae9eda87893c43f63bb8e3586f89b48a2e049f3646d5c63259a200019ebd318aeb6df548b55b18c431cdf6abdd364cf1ca4c647c29c72172ec40c67a71deac683a2da786acedeeae2362dbe00cc49c198a10edd082736e1bfeda312703866bd0c7a5f89b5958a6f3632eb7f1fcdbbcc0b701d719fa107fde27debc4a938d5a9a1a72f2a30b5431d94b2d8594e51aeadc5d4f712e4820c88a0820e76ae5b19e701a9da8ea32c1369d2c934c1ed96ead8430b85791bced8bb8770379181d79fa19f4f9af5b578b4fb90b74e6268e19a440448cd9206064aa12a8481c2ed6e9cd51f119834fd52d2ee09fccf2678a48fcc619661165cae7a61d58ffc0862b58a52972323657474baf6a7731f89a6b7b5441bb4e7d48c382bb649447228e338da5a4dbe80f3dab846d35afb7ea52daadd26e0518807321f219d5bd72a367aaede3f8abacd36f2eb52d5ed6ff55b592ddeff00486b3dcc30859a378f6a9e411958fbf18c71939cf8350b6b5d3f59b4f345b3dabdcde0f9b0cecd3a0da38ebe5076fa93c52a57a4ed15ae85b7cdd4778d2eeea4871198df50ba8ec66b88d23cadd46d182e8540c1cb348fb73ce5fd8545e1d92e748b7d4353282333e997527985030de5e02481eb8c0dbfecb7a52dec6ba5e876d2dc06967b758e0b5b984f2aeef230723273b563555f6287248356a1d4ae66f0ead83a91f637b9f22207699259826e2587ab3b127006141e38ad6fcb4946da5c9bd9dce5af3c256524963f25c2d93c2f71149e6e366e76da1411920054f4e3bf4ad0d1bc312d8e98f295905c6cf2a0915724b4c155881dc0318e0742e41e41adfb2bcd326fec9d36f2693ecb6566a64921550d71f3a0c21208214a2b11c655b208c73a5a77886ead756d1ef67097566d2cb6dba42365b4ec1a52871d10fcadc8e159bd0e5ceb546b944a29b3c97e24dad9c3e118d2d94bc91dfc2fe6c872c2196194c69e9c18e4271ddabc9648f9af54f8ada979f35c59dbabc76112db4d0c78054c6a8515f70ea4f9a3e99af306619afa8c0a7ec537d46d72e85631d46d5333000d435e8809476a2968b005147d292a805a3f0a28a042514b4940c29ebc9e699477f6a8027893736315bf6642c0071c7ad61dbe0b706b510fca187031cd4b348e855b8ff58d8a9b4e9bcbb843e86a293e6932288be5656ed9a417d6e7a5337db3488ae01c941b587eb595e66e51537852ebcdb792d9ff008c74a8ee6ddede62a4719ce6b976763baf7571eae38cf02baaf0dffc83e49171cb05ae2ae19d572a0d745e18d507f65cb1a9fde24818e7fcfb54cb61c65666bea1e1992f34fd4750b48d5da189e59d54a831a9f294c9b48f980dabf4c31ae87c2ba21d5ec2e24bcb610dd41146f197054bf9bb816391d30d174e7007a0a4f0f5d45f6892de59446b246c44873857552ca4e3b1195ff81577b0b411477f33ca668edfca33c4002cd6ed80ac31df6ae0b76dca7e9f2b99569d29725b7d99cb282e7ba389baf0e4da96a1a1cc97322cb671c96af78eff0031963959479a0f258997233c6180f4ae46d613a82cd712a9b886c5d263e71242b79529db820639565e473807a1af59d57ca4beb9b38a50f1ea6e90452c87204f147102e0fa00919e39249f4ae42d64b4f1069775645961ba3611b4a09e5a3778d88cfa851b00f461ef5cb47112e4727fd6a6534ae6d5d6a10dfdc69378a15a5f3209668d0ee321dc9e620c7a2bbb7ae02fd2bc92ebc3b2c51decb737594b9fb6103ab4c515c1dbc70030c9cf6703bd7a7de341168779e268378821bc58ad214198e2dcb289071d010067a7415e7f7dfe87125f2dcfdb115ae167b59b892dd9dd59815ebb4ecc8238ea0f239edc2e97e5f4ff0080672d8b3a4ea17ba3f8b2fa7672ef6f0c378cc586e6f97cc23907392ce09e84b73d6b1b54d2449a9346abb2d96392e19634e563c65954f75241dbe9bbdeaf8bf92fbc491c1811c724834fb80a3fe5df77cfcf4207273d70056869be20b45d4b4d5bedf66d1c434ab88b2310a8724383dd0865079c954f7aebbce2f992d6c67a328e8777650daeeb98b6aea96d7173136dea51fcb4181d02812b9c7635ade14b79f58569ade43657b3c5e4a0b890055bc460c226cfdddc4e549e0481474269345b6866ba1a56a10451048ed23b4be53b4c0ed1bc727fbc84b3c8463fe5980473910e8f1ea1a48d505ddba8b47bb51790b731a38c6f63d89ced6183c87383cd67269dedb94b4b125e5ebde788e5d265b24b5bb47b98846e481e63b82e02b11d93e45e3f87be29de2b86eadf5629041ba4b1bc782d4c4f8610c6de5e093ead1a727fbc7d6ba0fec28bc41e27d2cdc090dee89e53cf6fe6165955a192e37162496202aa93df0a3915c4eb9a87fc52f0209d9636bc70d74c373cacd106833e8a57d09c64771ce54da9ce3cbfd5ca6ac8eeb4bd622d37c49a4a794827d4a55003302b2fef0bec24f1c870b820e46de99c558f16786a5d6bc496acfb67b592086159e472a4c4d2965505f9fb8557d7071ef5e75e1dd5a79354d196ea56925b3be536fbf1fbbf91323247270a9cf4ca8e6bb7f1f788af2df4dd2de3f9e19ae1ade7612ee1f2812c4c3b80566007aed038c73cd568ce9d45c9bbfebf2294938b30750d125f0ee8b75f6295a09e182f2255442c1637771e6649e388db9ebd3d8565d9e94fa4c7742da469638de2b759a3e431656691994742a304678ce2bbff00184d71ab6977f0dbbc96da8dd40aaf118caaca8b22b053d831cc84838273fed1a8218e68341d4a1091adc430411098a8552cd092707bb17d993ce0119f670c44941736effe00a51d6c792b5d4fab5adecfa8af9e2d4b4493390544d22919e7ae3696efcedeb9acabeb591745d362050452199c15c64b6557048ebc2f19ef915d578b836a5a2dbd8d80864168f1a050ac4cd2f9043b2f52376d18f71cd4da5f8622d27c276fa8de2a497655a5b78412eb24c49da1b00fc81464e3a9c0e3e6af6e35a308a6fabd8c7d0ef3c2de0bb3f87ffdad312da9deb61564cfcb3c46311b440ff79da65c74ea9ea0d35ad348f05ff605fda472c16b730f992461c19115419829dc3924c43e9b48fe2ad1f105acb6de1ad45ae49305f5bc70c71e07dfb78ed18ba8038cb452819eb8ae674ff0fdec90dfc97d1b616d9a04dc72d1bc7119640327a969026ef638ef5e2c66ea2739cbd7eefd0e97a6891cf6aed6fe26d5349b18ee8a5ec6d0c33dc332ed2c0a0460b81f26d95feb807924d72f756b75a82d9b1b7301bad9247e59da19c928814646382e07a63dab7b5ed0e7d27c709636f33b4b616f00776cef1e580fcf39caa0dbff000103d0543af4f79a86be4bc00db6f8202913e11630ca8a303bb15627d4ee3db35ed52928a4a3b5ae73b7a95219a4d3ae3fb4269237dda7ac6f1dc264aaf99e5b2f418cb2b72304654e726bb5d0bc693db3e8d22afd96c6dd1ede05daa552364ddb07193e63c4a3d411ce49ae13641a82fd9a186ee19672b0babc9e68655f31b821463384201ce7079e721fe1ebc66d42d6dec602633a9493bf19dd6e248445c0e480e8ff008e3eb4aa525516ab604da3aabcd7520f3edf0607d8d22c45c1c4a9751a30c91d0b00c7b1da4d525f116a1e14d4235ba88acb0b0b978ddd879323023919e1886c8fc31df19dae4b15e78a622d688619dcce6290f043cac76e7dfa66b39b5e1ab6a17175a89f316e266b99163210c8df3796b9c1c00581c63a281530a0acb4d05ccceabc41afa59cd64a970d318cfda56eb852662a03118e396dec73cf241e4935a90789ad2cf50b4d5945a99247297b6ae9b442c65dd3b3a63a05544c63ee86c7ad646a9a3a6bbe1cf0bdb058a2b9b8996da49b7704b6d542c08e182b2a939eaa7824d64ff6d5a6adac5e2ca85526be6bb69a35ddf6769490571d19186327a82abc8c9ce2a9464ad6ef71ddc59e8163a84ff0d3c612785ed764da7def941a1d4104c33233938c1e4af9bb770ea6353ea2b86d62f6ded2fb50b9d252eb4dbc6b807cb6903149159f38738e4386c647418ed57bc416ba9cde15d33539a310dd6973dc590b8524968d089b3bbb90d2cbfcbb6057f1878822bdb56d61208ad8dec1e7344abbc79ad2a92e3d0946624f4277f031925182bdf76f47ea87290df145adbea1ae6ab74479776b3b4cc23402360dc7033d141c83ebf5aee3c37ff14aeada0eb66686eb40d4e1874ebb9ed486f2f70084bafde0eac22906e00e533e80701a6c925d4925fc92c22dafaecacb028cb5a89188403d14af1c76ddc7cbc745a178baff00409a7d2eedbed5670dbf95f648a4550cab3894489b8101d232dd474420f19aaad1938722d7c871d1dd9deeb97d2c3ab6b162665717119ba5567c451248060afa33163195c120ee3c700f2da434179a5d9b7884cf11d3eea28a594a10d35b15562beb8f2d57b75da7f88d6b697e328afbc457136a76165e4417656defa1010340f23925802412ac91c871818563c8358be3e8cfd9e5b696e1bc9b948eee198364aa34f2472c2d8ff68390070a7781c371e6420d4b91ab3d0d64efef224f1278b7ecfa4dd6bb15abdb5e6a0bf6744771ba0c0d8eeb827938201f519fae5aeb11c2d7925fc9e7bb130c523ed27cc68a4590edc6300c83e9c0ed581e24d4ae3568edede6b6502295b0c0fcaa64f98823d41e83d1fe958fab4cf75a84374b183a7cabf6782ddb7348ec3077123f898c81f39eac47415e851c2c7975febb187333d334cf88e96dafde2eef3f4802445b41310235048dca186031ce7fe02720f14ef1558d9dd789b53961904f13ac70d979aa91bfcaa3e5751fc68e8aac00cf51d0fcbc85f5b5a68fad6a1a6c7149249345f66ba19236cfb19b8cf72ca40ebd3a8ad3b0f14477f71ac09e0905c5dde1d5e1900daf0ccd23ef5e783942831d3927d2a1508c5f3c1741df4b33a9f07ac9a9f81b4dd2e7df25f389ae67fb42ee1b3cd58a18f38cfcc44e4639e4f6abda37f64dddbc37c1f0f77328bb8e50cd1ac8be62e4312703e7c723aede4e6b97f02acba569f75700b5d3da4f6e8b7504a1d51a0dafb5e3c6e00b6fc1efbc7b9adcd0b54b5d3d639e6b793ec514770b741577a624990b7238e91b052475627185e792b46579245f35ed733b48f85facd94311bcb4925b95b3491268e659a1b8559f73a21048e1153df271df3535af99a5eb9797b717c2da04d5a1579082c1642a241310703856707d8fae6ba8f08b1d16ceda2431fd91eea0064594b298c4854fcc493831a3fe1b4fbd72fe32d37fb22fae9d07da619ee63667b863b102dbbc6a197b168c0fa91d39a98557526e322a365ef23cb3e226a936a1ae6a924d6ef6c5ada30635c158c17575070318390463b62bcfa46e0d7a27c40d2ce89a6c29f685b8378ea46e1fbc8e38d4858db93f74b32f07a2afd079db57d7e12dec972ec4eb7d48793f4a4a7b75351d770b60a5a4f6a3340c28a28a60145145020a3de95416e8292810528c5379a93cb27a521935b803a9fd2af43215e07209e6b3e11f360f156d72a473c54163c0f99bb668507039cd3b3d7239a51dc6290cd3d1750fb05f46f93c11d2bbcba8e3bc8d668865186ee4d799063c63b1aee3c31ac8b8b5f21c80c063e6358548f5474d39741a6d882ca4f1daa0b28e4b5ba936e46e19ad5ba6f2b24f5c551f399b047a62a0d1ee751e1fd4cc92412901a681918a3746c1e3f962b6345d4b54b3b84b8866510b34b0cbe6b8da618f6328da482d94915f006700fd2b92d06375bf462080df2d6815bab7f0b58dfc3125d4fa7deca251b72d2a6cdae871d7f76d8c7a0e338af271b4e33b27d7430abd19db69fe37b78eced97ec22e2382637935b3b7544505d79c9ff599fa946acad3758d3e3d6b4a8da3091dbc6b36c7eb70bb5c0c1ebd638c0ff789ed5ca6b9a94ba1eb163ac58c51c931324b246a3724872be62b0ea15b71fc4b1ea38b7a869f6d61e27d32d51b65acf0ef656396b6b7dab31049190421381cf6193d6bca8e16118e9a5d339b99b4933d966d156cbc3375a16952437b65b2607cdc7fae8ee0c658f3c2b6c6627d2515e69a0e9b61e2086569e6264fb64d0451cce02bb2456edf31ce31832e7db8ee2ba6f095bc779e1dbfd16e9b65fcaab6d24e1802bf68122119eff3f94993fdd04d73125f1b8f0ceb3e5471cf7da6c570c2e09f99b74f1a640e808d9239eff38f7ae3a1cc9ce29f55f8f5359352b3b183a959cb2683aa5c6d980b5bcdd1cb36088e39162631e7ae4363040ecdc7cd557c4da5db369d7bacb48bbef0dbc221270632a18cac3d46162e4ff7dabaef321d4acd6fa06fed096f5d644b67c471ab22edc2fbe62233d30e4e3208ac4f1b411c135a5b245b2d92e06c8f77fad8e5cb9dc3f84e54a853fc3b7d79f4e8556e493d1ff57fc4c1c7a99de1fd62e6edb4737d09b8b79ae7c963bcaec21d0fca474c60608e3e66f7ae86cb50d4bc4d797f7d141f68b0d67ed4f2a30e23748d9df728ee0ba9561c6e03eefddac2fb4c1e15f124a883cfd3acefbcd8b83b141982045c8186f2989c1e3f77ec2ba6d13479f4555b35b96d3e5b266ba8a260092e559e4c9ec15117e538dc531ea68adcaaed2dd7f5fa0e299a69e2d9756d021f107d8f3776f65f67668c6dc795098ddb7004fcc24c739c043cf15c4c3770ebe9a7c51349e5e24fb447b085880cc7c0e87098233ea07515b1a731d2e41a5437a6df4bb196183ec92b8deea5f33e71d721c123d00e6b2b4ed16fbc33e2bbc96cc7da60b428d6899e1f2a833ce00386566cf61cf238ca8a8c79adbeebd3fa60eed19d6fa2dc8f1241218ee2de4b5973145342de59d8488d77f56fba18903904f20e6ba6f1669cba5eaba65a4c64874bb759239864a94dca8c559867e707637b82a79e6a0f04e99771e9ba9eab7b76f6d6f652cf0bc72b603931a01bb27046df310e7a16f5ad7d7b4e6f887a2f9564eeb7f2b5bb2dac79d8b85485865bae5950039e371f4e6aa546eaa4de8b404972f998be28f17476daf68365340ad3d8a431dee0ff00ac50df3918390d93c11fdc53df9ec2c752b6b7b9be10406f6d34db88c869c95914f9522a075e30c06031e99522b9bd53c38d7de17f0dceeab71aac93bdaac8d1e5fce4c1f997237008a065ba1562699e30b5bdf0735f5e59b497d63aa62496e618f7365642cf28c291f7a363f31e98f73593a34ea28c16fafe65a6d333a3f0fe9ba3f88a30679a5d0e59306e727cd8e22410e00072572aadd8ee38ce721ef756d3dd691612ce2e238e12fe4ef0236658d9990907f8b2a07b83f8bf54d4047a5d8cf685ad96fb4b458ed614270a8ccb23f3c8244625e3ab29cf5ac25b59e4d36cb6246b7da648ae65863dcce8cb1b6f3db2a446a73d031ce715db18b9abc8ce565a23ffd9, -1, '', '0000-00-00 00:00:00');
INSERT INTO `users` (`usersID`, `username`, `password`, `email`, `lastname`, `firstname`, `phonenumber`, `birthdate`, `idcardNumber`, `licensecardNumber`, `licensecardPlace`, `level`, `state`, `avatar`, `subscribed`, `token`, `tokenExpires`) VALUES
(11, 'testjani', '$2y$10$Z302rNTPYiqliad4.2rGV./m.3wdl31AAmS2pvCAwWI2YpHOdfJ46', 'testjani@gmail.com', 'asasas', 'Jani', '123123131', '2000-01-01', '521511212', '011323225', 'Kishegyes', 1, 1, NULL, 0, '', '0000-00-00 00:00:00'),
(12, 'testjanos', '$2y$10$z75L1XBFi9jVB1gUrItnju7GtQaOPTRiaan7FYcGp9k9dgJreKwha', 'testjanos@gmail.com', 'Tesztes', 'János', '515151111', '1998-02-01', '521311212', '521412212', 'Kishegyes', 1, 1, NULL, 0, '', '0000-00-00 00:00:00'),
(13, 'bakosd123', '$2y$10$3ksIckXxqsqrgZZ5GDkXi.f5Einhxw0FV/eht/5rn7SzXGa08RJeW', 'bakosd123@gmail.com', 'Bakos', 'Dávid', '067177410', '2001-03-01', '011324246', '011323215', 'Kishegyes', 1, 1, NULL, 0, '', '0000-00-00 00:00:00');

--
-- Indexek a kiírt táblákhoz
--

--
-- A tábla indexei `cars`
--
ALTER TABLE `cars`
  ADD PRIMARY KEY (`carsID`),
  ADD UNIQUE KEY `carname_uk` (`carname`) USING BTREE,
  ADD KEY `manufacturerID` (`manufacturerID`) USING BTREE;

--
-- A tábla indexei `failed_users`
--
ALTER TABLE `failed_users`
  ADD PRIMARY KEY (`usersID`),
  ADD UNIQUE KEY `username_uk` (`username`),
  ADD UNIQUE KEY `email_uk` (`email`),
  ADD UNIQUE KEY `idcard_uk` (`idcardNumber`),
  ADD UNIQUE KEY `licensecard_uk` (`licensecardNumber`);

--
-- A tábla indexei `favorites`
--
ALTER TABLE `favorites`
  ADD PRIMARY KEY (`favoritesID`),
  ADD KEY `favorites_userID_FK` (`userID`),
  ADD KEY `favorites_carID_FK` (`carID`);

--
-- A tábla indexei `manufactures`
--
ALTER TABLE `manufactures`
  ADD PRIMARY KEY (`manufacturesID`),
  ADD UNIQUE KEY `name_uk` (`name`) USING BTREE;

--
-- A tábla indexei `newslettermails`
--
ALTER TABLE `newslettermails`
  ADD PRIMARY KEY (`newslettermailsID`);

--
-- A tábla indexei `orders`
--
ALTER TABLE `orders`
  ADD PRIMARY KEY (`ordersID`),
  ADD KEY `orders_userID_FK` (`userID`),
  ADD KEY `orders_carID_FK` (`carID`),
  ADD KEY `orders_rentstartplaceID_FK` (`rentStartplaceID`),
  ADD KEY `orders_rentendplaceID_FK` (`rentEndplaceID`);

--
-- A tábla indexei `order_extras`
--
ALTER TABLE `order_extras`
  ADD PRIMARY KEY (`orderextrasID`);

--
-- A tábla indexei `places`
--
ALTER TABLE `places`
  ADD PRIMARY KEY (`placesID`);

--
-- A tábla indexei `prices`
--
ALTER TABLE `prices`
  ADD PRIMARY KEY (`pricesID`),
  ADD UNIQUE KEY `carID_uk` (`carID`) USING BTREE;

--
-- A tábla indexei `ratings`
--
ALTER TABLE `ratings`
  ADD PRIMARY KEY (`ratingID`),
  ADD UNIQUE KEY `ratings_orderID_UK` (`orderID`),
  ADD KEY `ratings_carID_FK` (`carID`),
  ADD KEY `ratins_userID_FK` (`userID`);

--
-- A tábla indexei `reports`
--
ALTER TABLE `reports`
  ADD PRIMARY KEY (`reportsID`),
  ADD KEY `reports_carID_FK` (`carID`),
  ADD KEY `reports_userID_FK` (`userID`),
  ADD KEY `reports_employeeID_FK` (`employeeID`),
  ADD KEY `reports_orderID_FK` (`orderID`);

--
-- A tábla indexei `users`
--
ALTER TABLE `users`
  ADD PRIMARY KEY (`usersID`),
  ADD UNIQUE KEY `username_uk` (`username`),
  ADD UNIQUE KEY `email_uk` (`email`),
  ADD UNIQUE KEY `idcard_uk` (`idcardNumber`),
  ADD UNIQUE KEY `licensecard_uk` (`licensecardNumber`);

--
-- A kiírt táblák AUTO_INCREMENT értéke
--

--
-- AUTO_INCREMENT a táblához `cars`
--
ALTER TABLE `cars`
  MODIFY `carsID` int(11) NOT NULL AUTO_INCREMENT, AUTO_INCREMENT=1000;

--
-- AUTO_INCREMENT a táblához `failed_users`
--
ALTER TABLE `failed_users`
  MODIFY `usersID` int(11) NOT NULL AUTO_INCREMENT;

--
-- AUTO_INCREMENT a táblához `favorites`
--
ALTER TABLE `favorites`
  MODIFY `favoritesID` int(11) NOT NULL AUTO_INCREMENT, AUTO_INCREMENT=2;

--
-- AUTO_INCREMENT a táblához `manufactures`
--
ALTER TABLE `manufactures`
  MODIFY `manufacturesID` int(11) NOT NULL AUTO_INCREMENT, AUTO_INCREMENT=16;

--
-- AUTO_INCREMENT a táblához `newslettermails`
--
ALTER TABLE `newslettermails`
  MODIFY `newslettermailsID` int(11) NOT NULL AUTO_INCREMENT, AUTO_INCREMENT=2;

--
-- AUTO_INCREMENT a táblához `orders`
--
ALTER TABLE `orders`
  MODIFY `ordersID` int(11) NOT NULL AUTO_INCREMENT, AUTO_INCREMENT=30;

--
-- AUTO_INCREMENT a táblához `order_extras`
--
ALTER TABLE `order_extras`
  MODIFY `orderextrasID` int(11) NOT NULL AUTO_INCREMENT, AUTO_INCREMENT=8;

--
-- AUTO_INCREMENT a táblához `places`
--
ALTER TABLE `places`
  MODIFY `placesID` int(11) NOT NULL AUTO_INCREMENT, AUTO_INCREMENT=3;

--
-- AUTO_INCREMENT a táblához `prices`
--
ALTER TABLE `prices`
  MODIFY `pricesID` int(11) NOT NULL AUTO_INCREMENT, AUTO_INCREMENT=8;

--
-- AUTO_INCREMENT a táblához `ratings`
--
ALTER TABLE `ratings`
  MODIFY `ratingID` int(11) NOT NULL AUTO_INCREMENT, AUTO_INCREMENT=17;

--
-- AUTO_INCREMENT a táblához `reports`
--
ALTER TABLE `reports`
  MODIFY `reportsID` int(11) NOT NULL AUTO_INCREMENT, AUTO_INCREMENT=7;

--
-- AUTO_INCREMENT a táblához `users`
--
ALTER TABLE `users`
  MODIFY `usersID` int(11) NOT NULL AUTO_INCREMENT, AUTO_INCREMENT=14;

--
-- Megkötések a kiírt táblákhoz
--

--
-- Megkötések a táblához `cars`
--
ALTER TABLE `cars`
  ADD CONSTRAINT `cars_manufacturer_FK` FOREIGN KEY (`manufacturerID`) REFERENCES `manufactures` (`manufacturesID`);

--
-- Megkötések a táblához `favorites`
--
ALTER TABLE `favorites`
  ADD CONSTRAINT `favorites_carID_FK` FOREIGN KEY (`carID`) REFERENCES `cars` (`carsID`),
  ADD CONSTRAINT `favorites_userID_FK` FOREIGN KEY (`userID`) REFERENCES `users` (`usersID`);

--
-- Megkötések a táblához `orders`
--
ALTER TABLE `orders`
  ADD CONSTRAINT `orders_carID_FK` FOREIGN KEY (`carID`) REFERENCES `cars` (`carsID`),
  ADD CONSTRAINT `orders_rentendplaceID_FK` FOREIGN KEY (`rentEndplaceID`) REFERENCES `places` (`placesID`),
  ADD CONSTRAINT `orders_rentstartplaceID_FK` FOREIGN KEY (`rentStartplaceID`) REFERENCES `places` (`placesID`),
  ADD CONSTRAINT `orders_userID_FK` FOREIGN KEY (`userID`) REFERENCES `users` (`usersID`);

--
-- Megkötések a táblához `prices`
--
ALTER TABLE `prices`
  ADD CONSTRAINT `prices_carID_FK` FOREIGN KEY (`carID`) REFERENCES `cars` (`carsID`);

--
-- Megkötések a táblához `ratings`
--
ALTER TABLE `ratings`
  ADD CONSTRAINT `ratings_carID_FK` FOREIGN KEY (`carID`) REFERENCES `cars` (`carsID`),
  ADD CONSTRAINT `ratings_orderID_FK` FOREIGN KEY (`orderID`) REFERENCES `orders` (`ordersID`),
  ADD CONSTRAINT `ratins_userID_FK` FOREIGN KEY (`userID`) REFERENCES `users` (`usersID`);

--
-- Megkötések a táblához `reports`
--
ALTER TABLE `reports`
  ADD CONSTRAINT `reports_carID_FK` FOREIGN KEY (`carID`) REFERENCES `cars` (`carsID`),
  ADD CONSTRAINT `reports_employeeID_FK` FOREIGN KEY (`employeeID`) REFERENCES `users` (`usersID`),
  ADD CONSTRAINT `reports_orderID_FK` FOREIGN KEY (`orderID`) REFERENCES `orders` (`ordersID`),
  ADD CONSTRAINT `reports_userID_FK` FOREIGN KEY (`userID`) REFERENCES `users` (`usersID`);
COMMIT;

/*!40101 SET CHARACTER_SET_CLIENT=@OLD_CHARACTER_SET_CLIENT */;
/*!40101 SET CHARACTER_SET_RESULTS=@OLD_CHARACTER_SET_RESULTS */;
/*!40101 SET COLLATION_CONNECTION=@OLD_COLLATION_CONNECTION */;
